file,scale,period_px,period_dip,roi_x,roi_y,roi_w,roi_h,window_w_px,window_w_dip,win_index,win_x,alpha_nonzero_count,alpha_mean,alpha_stddev,alpha_max
pencil-highres-4800x2424-dpi96-S200-P0.5-N1-scale12-transparent.png,12,21,1.75,12,12,4776,2400,21,1.75,0,12,4329,0.00038819,0.00133206,2
pencil-highres-4800x2424-dpi96-S200-P0.5-N1-scale12-transparent.png,12,21,1.75,12,12,4776,2400,21,1.75,1,33,8396,0.00079007,0.00188398,3
pencil-highres-4800x2424-dpi96-S200-P0.5-N1-scale12-transparent.png,12,21,1.75,12,12,4776,2400,21,1.75,2,54,12419,0.00125054,0.00237198,3
pencil-highres-4800x2424-dpi96-S200-P0.5-N1-scale12-transparent.png,12,21,1.75,12,12,4776,2400,21,1.75,3,75,14454,0.0015775,0.0027082,3
pencil-highres-4800x2424-dpi96-S200-P0.5-N1-scale12-transparent.png,12,21,1.75,12,12,4776,2400,21,1.75,4,96,17065,0.00188718,0.00289328,3
pencil-highres-4800x2424-dpi96-S200-P0.5-N1-scale12-transparent.png,12,21,1.75,12,12,4776,2400,21,1.75,5,117,18859,0.00230237,0.00331422,3
pencil-highres-4800x2424-dpi96-S200-P0.5-N1-scale12-transparent.png,12,21,1.75,12,12,4776,2400,21,1.75,6,138,21593,0.00287675,0.00372149,4
pencil-highres-4800x2424-dpi96-S200-P0.5-N1-scale12-transparent.png,12,21,1.75,12,12,4776,2400,21,1.75,7,159,23350,0.00338796,0.00412086,4
pencil-highres-4800x2424-dpi96-S200-P0.5-N1-scale12-transparent.png,12,21,1.75,12,12,4776,2400,21,1.75,8,180,24976,0.00394476,0.00450501,4
pencil-highres-4800x2424-dpi96-S200-P0.5-N1-scale12-transparent.png,12,21,1.75,12,12,4776,2400,21,1.75,9,201,26621,0.004358,0.00471795,4
pencil-highres-4800x2424-dpi96-S200-P0.5-N1-scale12-transparent.png,12,21,1.75,12,12,4776,2400,21,1.75,10,222,27529,0.00486275,0.00534257,6
pencil-highres-4800x2424-dpi96-S200-P0.5-N1-scale12-transparent.png,12,21,1.75,12,12,4776,2400,21,1.75,11,243,28779,0.00583427,0.00631963,7
pencil-highres-4800x2424-dpi96-S200-P0.5-N1-scale12-transparent.png,12,21,1.75,12,12,4776,2400,21,1.75,12,264,30253,0.00678914,0.0071153,8
pencil-highres-4800x2424-dpi96-S200-P0.5-N1-scale12-transparent.png,12,21,1.75,12,12,4776,2400,21,1.75,13,285,31259,0.0076413,0.00782348,8
pencil-highres-4800x2424-dpi96-S200-P0.5-N1-scale12-transparent.png,12,21,1.75,12,12,4776,2400,21,1.75,14,306,32364,0.00883349,0.0087007,9
pencil-highres-4800x2424-dpi96-S200-P0.5-N1-scale12-transparent.png,12,21,1.75,12,12,4776,2400,21,1.75,15,327,33466,0.0097605,0.00924329,9
pencil-highres-4800x2424-dpi96-S200-P0.5-N1-scale12-transparent.png,12,21,1.75,12,12,4776,2400,21,1.75,16,348,34479,0.01092468,0.00998023,9
pencil-highres-4800x2424-dpi96-S200-P0.5-N1-scale12-transparent.png,12,21,1.75,12,12,4776,2400,21,1.75,17,369,35487,0.01166472,0.0104593,10
pencil-highres-4800x2424-dpi96-S200-P0.5-N1-scale12-transparent.png,12,21,1.75,12,12,4776,2400,21,1.75,18,390,36077,0.01259508,0.01103506,10
pencil-highres-4800x2424-dpi96-S200-P0.5-N1-scale12-transparent.png,12,21,1.75,12,12,4776,2400,21,1.75,19,411,37000,0.01377926,0.01156286,11
pencil-highres-4800x2424-dpi96-S200-P0.5-N1-scale12-transparent.png,12,21,1.75,12,12,4776,2400,21,1.75,20,432,37527,0.01469125,0.0122701,13
pencil-highres-4800x2424-dpi96-S200-P0.5-N1-scale12-transparent.png,12,21,1.75,12,12,4776,2400,21,1.75,21,453,38083,0.01588554,0.01324262,14
pencil-highres-4800x2424-dpi96-S200-P0.5-N1-scale12-transparent.png,12,21,1.75,12,12,4776,2400,21,1.75,22,474,38718,0.01709322,0.01421941,14
pencil-highres-4800x2424-dpi96-S200-P0.5-N1-scale12-transparent.png,12,21,1.75,12,12,4776,2400,21,1.75,23,495,39582,0.01877653,0.0152785,15
pencil-highres-4800x2424-dpi96-S200-P0.5-N1-scale12-transparent.png,12,21,1.75,12,12,4776,2400,21,1.75,24,516,40348,0.02053711,0.01616411,16
pencil-highres-4800x2424-dpi96-S200-P0.5-N1-scale12-transparent.png,12,21,1.75,12,12,4776,2400,21,1.75,25,537,41152,0.02189924,0.01686748,16
pencil-highres-4800x2424-dpi96-S200-P0.5-N1-scale12-transparent.png,12,21,1.75,12,12,4776,2400,21,1.75,26,558,41642,0.02338539,0.01767746,17
pencil-highres-4800x2424-dpi96-S200-P0.5-N1-scale12-transparent.png,12,21,1.75,12,12,4776,2400,21,1.75,27,579,42308,0.0249211,0.01834008,18
pencil-highres-4800x2424-dpi96-S200-P0.5-N1-scale12-transparent.png,12,21,1.75,12,12,4776,2400,21,1.75,28,600,42896,0.02628276,0.01902844,18
pencil-highres-4800x2424-dpi96-S200-P0.5-N1-scale12-transparent.png,12,21,1.75,12,12,4776,2400,21,1.75,29,621,43087,0.0268871,0.01922311,18
pencil-highres-4800x2424-dpi96-S200-P0.5-N1-scale12-transparent.png,12,21,1.75,12,12,4776,2400,21,1.75,30,642,43658,0.02861313,0.02015713,19
pencil-highres-4800x2424-dpi96-S200-P0.5-N1-scale12-transparent.png,12,21,1.75,12,12,4776,2400,21,1.75,31,663,44250,0.03110528,0.02154575,22
pencil-highres-4800x2424-dpi96-S200-P0.5-N1-scale12-transparent.png,12,21,1.75,12,12,4776,2400,21,1.75,32,684,44828,0.03336811,0.02289632,22
pencil-highres-4800x2424-dpi96-S200-P0.5-N1-scale12-transparent.png,12,21,1.75,12,12,4776,2400,21,1.75,33,705,45208,0.03532454,0.02391633,24
pencil-highres-4800x2424-dpi96-S200-P0.5-N1-scale12-transparent.png,12,21,1.75,12,12,4776,2400,21,1.75,34,726,45607,0.03683777,0.02454118,24
pencil-highres-4800x2424-dpi96-S200-P0.5-N1-scale12-transparent.png,12,21,1.75,12,12,4776,2400,21,1.75,35,747,45675,0.03773459,0.02503364,25
pencil-highres-4800x2424-dpi96-S200-P0.5-N1-scale12-transparent.png,12,21,1.75,12,12,4776,2400,21,1.75,36,768,46081,0.0397882,0.02604503,25
pencil-highres-4800x2424-dpi96-S200-P0.5-N1-scale12-transparent.png,12,21,1.75,12,12,4776,2400,21,1.75,37,789,46349,0.04158279,0.02681307,26
pencil-highres-4800x2424-dpi96-S200-P0.5-N1-scale12-transparent.png,12,21,1.75,12,12,4776,2400,21,1.75,38,810,46675,0.0431578,0.02747937,27
pencil-highres-4800x2424-dpi96-S200-P0.5-N1-scale12-transparent.png,12,21,1.75,12,12,4776,2400,21,1.75,39,831,47140,0.04577879,0.02855808,27
pencil-highres-4800x2424-dpi96-S200-P0.5-N1-scale12-transparent.png,12,21,1.75,12,12,4776,2400,21,1.75,40,852,47469,0.04747401,0.0291214,28
pencil-highres-4800x2424-dpi96-S200-P0.5-N1-scale12-transparent.png,12,21,1.75,12,12,4776,2400,21,1.75,41,873,47836,0.05023755,0.03040742,30
pencil-highres-4800x2424-dpi96-S200-P0.5-N1-scale12-transparent.png,12,21,1.75,12,12,4776,2400,21,1.75,42,894,47767,0.0515263,0.03138507,31
pencil-highres-4800x2424-dpi96-S200-P0.5-N1-scale12-transparent.png,12,21,1.75,12,12,4776,2400,21,1.75,43,915,48361,0.05373701,0.0323426,32
pencil-highres-4800x2424-dpi96-S200-P0.5-N1-scale12-transparent.png,12,21,1.75,12,12,4776,2400,21,1.75,44,936,48577,0.05617328,0.03332361,33
pencil-highres-4800x2424-dpi96-S200-P0.5-N1-scale12-transparent.png,12,21,1.75,12,12,4776,2400,21,1.75,45,957,48546,0.05777295,0.0343853,33
pencil-highres-4800x2424-dpi96-S200-P0.5-N1-scale12-transparent.png,12,21,1.75,12,12,4776,2400,21,1.75,46,978,48667,0.05866503,0.03468294,34
pencil-highres-4800x2424-dpi96-S200-P0.5-N1-scale12-transparent.png,12,21,1.75,12,12,4776,2400,21,1.75,47,999,48791,0.0602896,0.03557125,34
pencil-highres-4800x2424-dpi96-S200-P0.5-N1-scale12-transparent.png,12,21,1.75,12,12,4776,2400,21,1.75,48,1020,48992,0.063345,0.03669104,34
pencil-highres-4800x2424-dpi96-S200-P0.5-N1-scale12-transparent.png,12,21,1.75,12,12,4776,2400,21,1.75,49,1041,49239,0.0658117,0.0372995,34
pencil-highres-4800x2424-dpi96-S200-P0.5-N1-scale12-transparent.png,12,21,1.75,12,12,4776,2400,21,1.75,50,1062,49249,0.06721872,0.0377195,35
pencil-highres-4800x2424-dpi96-S200-P0.5-N1-scale12-transparent.png,12,21,1.75,12,12,4776,2400,21,1.75,51,1083,49462,0.06995542,0.03859512,37
pencil-highres-4800x2424-dpi96-S200-P0.5-N1-scale12-transparent.png,12,21,1.75,12,12,4776,2400,21,1.75,52,1104,49429,0.07137527,0.03959449,38
pencil-highres-4800x2424-dpi96-S200-P0.5-N1-scale12-transparent.png,12,21,1.75,12,12,4776,2400,21,1.75,53,1125,49665,0.07363095,0.0404821,40
pencil-highres-4800x2424-dpi96-S200-P0.5-N1-scale12-transparent.png,12,21,1.75,12,12,4776,2400,21,1.75,54,1146,49553,0.07385714,0.04079648,40
pencil-highres-4800x2424-dpi96-S200-P0.5-N1-scale12-transparent.png,12,21,1.75,12,12,4776,2400,21,1.75,55,1167,49616,0.07628276,0.04170639,41
pencil-highres-4800x2424-dpi96-S200-P0.5-N1-scale12-transparent.png,12,21,1.75,12,12,4776,2400,21,1.75,56,1188,49766,0.07964099,0.04258051,42
pencil-highres-4800x2424-dpi96-S200-P0.5-N1-scale12-transparent.png,12,21,1.75,12,12,4776,2400,21,1.75,57,1209,49991,0.08228494,0.04336011,42
pencil-highres-4800x2424-dpi96-S200-P0.5-N1-scale12-transparent.png,12,21,1.75,12,12,4776,2400,21,1.75,58,1230,49973,0.08363352,0.04372718,42
pencil-highres-4800x2424-dpi96-S200-P0.5-N1-scale12-transparent.png,12,21,1.75,12,12,4776,2400,21,1.75,59,1251,49889,0.08484166,0.04387802,43
pencil-highres-4800x2424-dpi96-S200-P0.5-N1-scale12-transparent.png,12,21,1.75,12,12,4776,2400,21,1.75,60,1272,49850,0.08519429,0.04419409,43
pencil-highres-4800x2424-dpi96-S200-P0.5-N1-scale12-transparent.png,12,21,1.75,12,12,4776,2400,21,1.75,61,1293,49747,0.08704272,0.04471044,44
pencil-highres-4800x2424-dpi96-S200-P0.5-N1-scale12-transparent.png,12,21,1.75,12,12,4776,2400,21,1.75,62,1314,49749,0.08889721,0.04573078,45
pencil-highres-4800x2424-dpi96-S200-P0.5-N1-scale12-transparent.png,12,21,1.75,12,12,4776,2400,21,1.75,63,1335,49789,0.0908289,0.04646735,47
pencil-highres-4800x2424-dpi96-S200-P0.5-N1-scale12-transparent.png,12,21,1.75,12,12,4776,2400,21,1.75,64,1356,49998,0.09401066,0.04720197,48
pencil-highres-4800x2424-dpi96-S200-P0.5-N1-scale12-transparent.png,12,21,1.75,12,12,4776,2400,21,1.75,65,1377,49849,0.09559679,0.04784672,48
pencil-highres-4800x2424-dpi96-S200-P0.5-N1-scale12-transparent.png,12,21,1.75,12,12,4776,2400,21,1.75,66,1398,49922,0.09773203,0.04871959,49
pencil-highres-4800x2424-dpi96-S200-P0.5-N1-scale12-transparent.png,12,21,1.75,12,12,4776,2400,21,1.75,67,1419,49699,0.09759026,0.04934175,49
pencil-highres-4800x2424-dpi96-S200-P0.5-N1-scale12-transparent.png,12,21,1.75,12,12,4776,2400,21,1.75,68,1440,49561,0.09999798,0.04989004,50
pencil-highres-4800x2424-dpi96-S200-P0.5-N1-scale12-transparent.png,12,21,1.75,12,12,4776,2400,21,1.75,69,1461,49896,0.10182571,0.05030865,51
pencil-highres-4800x2424-dpi96-S200-P0.5-N1-scale12-transparent.png,12,21,1.75,12,12,4776,2400,21,1.75,70,1482,49819,0.10271646,0.05125784,52
pencil-highres-4800x2424-dpi96-S200-P0.5-N1-scale12-transparent.png,12,21,1.75,12,12,4776,2400,21,1.75,71,1503,49710,0.10242989,0.05137023,52
pencil-highres-4800x2424-dpi96-S200-P0.5-N1-scale12-transparent.png,12,21,1.75,12,12,4776,2400,21,1.75,72,1524,49619,0.1037037,0.05254235,54
pencil-highres-4800x2424-dpi96-S200-P0.5-N1-scale12-transparent.png,12,21,1.75,12,12,4776,2400,21,1.75,73,1545,49675,0.10743892,0.0538415,55
pencil-highres-4800x2424-dpi96-S200-P0.5-N1-scale12-transparent.png,12,21,1.75,12,12,4776,2400,21,1.75,74,1566,49821,0.10949409,0.05431321,55
pencil-highres-4800x2424-dpi96-S200-P0.5-N1-scale12-transparent.png,12,21,1.75,12,12,4776,2400,21,1.75,75,1587,49696,0.10991955,0.05498865,56
pencil-highres-4800x2424-dpi96-S200-P0.5-N1-scale12-transparent.png,12,21,1.75,12,12,4776,2400,21,1.75,76,1608,49737,0.11293137,0.05558867,57
pencil-highres-4800x2424-dpi96-S200-P0.5-N1-scale12-transparent.png,12,21,1.75,12,12,4776,2400,21,1.75,77,1629,49624,0.11233061,0.05627313,57
pencil-highres-4800x2424-dpi96-S200-P0.5-N1-scale12-transparent.png,12,21,1.75,12,12,4776,2400,21,1.75,78,1650,49839,0.11368254,0.05668068,57
pencil-highres-4800x2424-dpi96-S200-P0.5-N1-scale12-transparent.png,12,21,1.75,12,12,4776,2400,21,1.75,79,1671,49574,0.11261687,0.05672852,58
pencil-highres-4800x2424-dpi96-S200-P0.5-N1-scale12-transparent.png,12,21,1.75,12,12,4776,2400,21,1.75,80,1692,49640,0.11415873,0.05727283,59
pencil-highres-4800x2424-dpi96-S200-P0.5-N1-scale12-transparent.png,12,21,1.75,12,12,4776,2400,21,1.75,81,1713,49736,0.11729326,0.0578997,59
pencil-highres-4800x2424-dpi96-S200-P0.5-N1-scale12-transparent.png,12,21,1.75,12,12,4776,2400,21,1.75,82,1734,50013,0.11973817,0.05888481,61
pencil-highres-4800x2424-dpi96-S200-P0.5-N1-scale12-transparent.png,12,21,1.75,12,12,4776,2400,21,1.75,83,1755,49850,0.12012901,0.05983954,61
pencil-highres-4800x2424-dpi96-S200-P0.5-N1-scale12-transparent.png,12,21,1.75,12,12,4776,2400,21,1.75,84,1776,49832,0.12034524,0.06000509,62
pencil-highres-4800x2424-dpi96-S200-P0.5-N1-scale12-transparent.png,12,21,1.75,12,12,4776,2400,21,1.75,85,1797,49794,0.1205547,0.06079471,62
pencil-highres-4800x2424-dpi96-S200-P0.5-N1-scale12-transparent.png,12,21,1.75,12,12,4776,2400,21,1.75,86,1818,49689,0.12209656,0.06180093,62
pencil-highres-4800x2424-dpi96-S200-P0.5-N1-scale12-transparent.png,12,21,1.75,12,12,4776,2400,21,1.75,87,1839,49818,0.12254404,0.06277377,61
pencil-highres-4800x2424-dpi96-S200-P0.5-N1-scale12-transparent.png,12,21,1.75,12,12,4776,2400,21,1.75,88,1860,49869,0.12442367,0.06335784,63
pencil-highres-4800x2424-dpi96-S200-P0.5-N1-scale12-transparent.png,12,21,1.75,12,12,4776,2400,21,1.75,89,1881,49946,0.12682423,0.06374655,63
pencil-highres-4800x2424-dpi96-S200-P0.5-N1-scale12-transparent.png,12,21,1.75,12,12,4776,2400,21,1.75,90,1902,49804,0.12722837,0.0641632,64
pencil-highres-4800x2424-dpi96-S200-P0.5-N1-scale12-transparent.png,12,21,1.75,12,12,4776,2400,21,1.75,91,1923,49809,0.12810045,0.06457963,64
pencil-highres-4800x2424-dpi96-S200-P0.5-N1-scale12-transparent.png,12,21,1.75,12,12,4776,2400,21,1.75,92,1944,49524,0.12593884,0.06464256,65
pencil-highres-4800x2424-dpi96-S200-P0.5-N1-scale12-transparent.png,12,21,1.75,12,12,4776,2400,21,1.75,93,1965,49607,0.12826346,0.0656327,65
pencil-highres-4800x2424-dpi96-S200-P0.5-N1-scale12-transparent.png,12,21,1.75,12,12,4776,2400,21,1.75,94,1986,49726,0.12894227,0.06605409,66
pencil-highres-4800x2424-dpi96-S200-P0.5-N1-scale12-transparent.png,12,21,1.75,12,12,4776,2400,21,1.75,95,2007,49750,0.12879622,0.06698783,66
pencil-highres-4800x2424-dpi96-S200-P0.5-N1-scale12-transparent.png,12,21,1.75,12,12,4776,2400,21,1.75,96,2028,49663,0.12677155,0.06658326,66
pencil-highres-4800x2424-dpi96-S200-P0.5-N1-scale12-transparent.png,12,21,1.75,12,12,4776,2400,21,1.75,97,2049,49536,0.12723903,0.06761193,66
pencil-highres-4800x2424-dpi96-S200-P0.5-N1-scale12-transparent.png,12,21,1.75,12,12,4776,2400,21,1.75,98,2070,49680,0.13041527,0.06862205,66
pencil-highres-4800x2424-dpi96-S200-P0.5-N1-scale12-transparent.png,12,21,1.75,12,12,4776,2400,21,1.75,99,2091,49739,0.13129443,0.06820917,68
pencil-highres-4800x2424-dpi96-S200-P0.5-N1-scale12-transparent.png,12,21,1.75,12,12,4776,2400,21,1.75,100,2112,49683,0.13044717,0.06828903,67
pencil-highres-4800x2424-dpi96-S200-P0.5-N1-scale12-transparent.png,12,21,1.75,12,12,4776,2400,21,1.75,101,2133,49700,0.13277194,0.06848793,67
pencil-highres-4800x2424-dpi96-S200-P0.5-N1-scale12-transparent.png,12,21,1.75,12,12,4776,2400,21,1.75,102,2154,49562,0.13059617,0.06833309,67
pencil-highres-4800x2424-dpi96-S200-P0.5-N1-scale12-transparent.png,12,21,1.75,12,12,4776,2400,21,1.75,103,2175,49758,0.13079972,0.06862717,69
pencil-highres-4800x2424-dpi96-S200-P0.5-N1-scale12-transparent.png,12,21,1.75,12,12,4776,2400,21,1.75,104,2196,49553,0.12933427,0.06863521,69
pencil-highres-4800x2424-dpi96-S200-P0.5-N1-scale12-transparent.png,12,21,1.75,12,12,4776,2400,21,1.75,105,2217,49615,0.13052684,0.06942594,67
pencil-highres-4800x2424-dpi96-S200-P0.5-N1-scale12-transparent.png,12,21,1.75,12,12,4776,2400,21,1.75,106,2238,49609,0.13331248,0.07038479,68
pencil-highres-4800x2424-dpi96-S200-P0.5-N1-scale12-transparent.png,12,21,1.75,12,12,4776,2400,21,1.75,107,2259,49931,0.13479583,0.07084167,70
pencil-highres-4800x2424-dpi96-S200-P0.5-N1-scale12-transparent.png,12,21,1.75,12,12,4776,2400,21,1.75,108,2280,49793,0.13307758,0.0705021,69
pencil-highres-4800x2424-dpi96-S200-P0.5-N1-scale12-transparent.png,12,21,1.75,12,12,4776,2400,21,1.75,109,2301,49781,0.13191223,0.06955677,68
pencil-highres-4800x2424-dpi96-S200-P0.5-N1-scale12-transparent.png,12,21,1.75,12,12,4776,2400,21,1.75,110,2322,49670,0.13096421,0.06932545,69
pencil-highres-4800x2424-dpi96-S200-P0.5-N1-scale12-transparent.png,12,21,1.75,12,12,4776,2400,21,1.75,111,2343,49671,0.13161181,0.06938264,70
pencil-highres-4800x2424-dpi96-S200-P0.5-N1-scale12-transparent.png,12,21,1.75,12,12,4776,2400,21,1.75,112,2364,49633,0.12986111,0.068881,68
pencil-highres-4800x2424-dpi96-S200-P0.5-N1-scale12-transparent.png,12,21,1.75,12,12,4776,2400,21,1.75,113,2385,49742,0.13183621,0.06923597,69
pencil-highres-4800x2424-dpi96-S200-P0.5-N1-scale12-transparent.png,12,21,1.75,12,12,4776,2400,21,1.75,114,2406,49802,0.13277171,0.06935154,67
pencil-highres-4800x2424-dpi96-S200-P0.5-N1-scale12-transparent.png,12,21,1.75,12,12,4776,2400,21,1.75,115,2427,49752,0.13338827,0.06996097,67
pencil-highres-4800x2424-dpi96-S200-P0.5-N1-scale12-transparent.png,12,21,1.75,12,12,4776,2400,21,1.75,116,2448,49614,0.13319001,0.07039714,68
pencil-highres-4800x2424-dpi96-S200-P0.5-N1-scale12-transparent.png,12,21,1.75,12,12,4776,2400,21,1.75,117,2469,49351,0.13106046,0.07036004,68
pencil-highres-4800x2424-dpi96-S200-P0.5-N1-scale12-transparent.png,12,21,1.75,12,12,4776,2400,21,1.75,118,2490,49698,0.13290896,0.07050359,69
pencil-highres-4800x2424-dpi96-S200-P0.5-N1-scale12-transparent.png,12,21,1.75,12,12,4776,2400,21,1.75,119,2511,49675,0.13306684,0.07046732,69
pencil-highres-4800x2424-dpi96-S200-P0.5-N1-scale12-transparent.png,12,21,1.75,12,12,4776,2400,21,1.75,120,2532,49695,0.13189542,0.07011631,70
pencil-highres-4800x2424-dpi96-S200-P0.5-N1-scale12-transparent.png,12,21,1.75,12,12,4776,2400,21,1.75,121,2553,49582,0.1293948,0.06922376,69
pencil-highres-4800x2424-dpi96-S200-P0.5-N1-scale12-transparent.png,12,21,1.75,12,12,4776,2400,21,1.75,122,2574,49573,0.12966379,0.06936154,69
pencil-highres-4800x2424-dpi96-S200-P0.5-N1-scale12-transparent.png,12,21,1.75,12,12,4776,2400,21,1.75,123,2595,49598,0.13173817,0.06961199,70
pencil-highres-4800x2424-dpi96-S200-P0.5-N1-scale12-transparent.png,12,21,1.75,12,12,4776,2400,21,1.75,124,2616,49640,0.13159835,0.06849592,69
pencil-highres-4800x2424-dpi96-S200-P0.5-N1-scale12-transparent.png,12,21,1.75,12,12,4776,2400,21,1.75,125,2637,49486,0.13074837,0.06836184,66
pencil-highres-4800x2424-dpi96-S200-P0.5-N1-scale12-transparent.png,12,21,1.75,12,12,4776,2400,21,1.75,126,2658,49624,0.13236173,0.06833252,67
pencil-highres-4800x2424-dpi96-S200-P0.5-N1-scale12-transparent.png,12,21,1.75,12,12,4776,2400,21,1.75,127,2679,49528,0.12986788,0.06805779,66
pencil-highres-4800x2424-dpi96-S200-P0.5-N1-scale12-transparent.png,12,21,1.75,12,12,4776,2400,21,1.75,128,2700,49666,0.12872533,0.06760051,66
pencil-highres-4800x2424-dpi96-S200-P0.5-N1-scale12-transparent.png,12,21,1.75,12,12,4776,2400,21,1.75,129,2721,49501,0.12772028,0.06725542,68
pencil-highres-4800x2424-dpi96-S200-P0.5-N1-scale12-transparent.png,12,21,1.75,12,12,4776,2400,21,1.75,130,2742,49602,0.12860792,0.06711303,65
pencil-highres-4800x2424-dpi96-S200-P0.5-N1-scale12-transparent.png,12,21,1.75,12,12,4776,2400,21,1.75,131,2763,49567,0.13026494,0.06733694,67
pencil-highres-4800x2424-dpi96-S200-P0.5-N1-scale12-transparent.png,12,21,1.75,12,12,4776,2400,21,1.75,132,2784,49907,0.13118301,0.06701482,66
pencil-highres-4800x2424-dpi96-S200-P0.5-N1-scale12-transparent.png,12,21,1.75,12,12,4776,2400,21,1.75,133,2805,49655,0.12844826,0.06585923,65
pencil-highres-4800x2424-dpi96-S200-P0.5-N1-scale12-transparent.png,12,21,1.75,12,12,4776,2400,21,1.75,134,2826,49665,0.12625669,0.06455365,65
pencil-highres-4800x2424-dpi96-S200-P0.5-N1-scale12-transparent.png,12,21,1.75,12,12,4776,2400,21,1.75,135,2847,49659,0.12486687,0.06394784,63
pencil-highres-4800x2424-dpi96-S200-P0.5-N1-scale12-transparent.png,12,21,1.75,12,12,4776,2400,21,1.75,136,2868,49570,0.12559181,0.06427654,63
pencil-highres-4800x2424-dpi96-S200-P0.5-N1-scale12-transparent.png,12,21,1.75,12,12,4776,2400,21,1.75,137,2889,49590,0.1232563,0.0635462,62
pencil-highres-4800x2424-dpi96-S200-P0.5-N1-scale12-transparent.png,12,21,1.75,12,12,4776,2400,21,1.75,138,2910,49725,0.12486422,0.06374861,62
pencil-highres-4800x2424-dpi96-S200-P0.5-N1-scale12-transparent.png,12,21,1.75,12,12,4776,2400,21,1.75,139,2931,49752,0.1247307,0.06304865,62
pencil-highres-4800x2424-dpi96-S200-P0.5-N1-scale12-transparent.png,12,21,1.75,12,12,4776,2400,21,1.75,140,2952,49772,0.12451463,0.06265995,63
pencil-highres-4800x2424-dpi96-S200-P0.5-N1-scale12-transparent.png,12,21,1.75,12,12,4776,2400,21,1.75,141,2973,49561,0.12285419,0.06231676,62
pencil-highres-4800x2424-dpi96-S200-P0.5-N1-scale12-transparent.png,12,21,1.75,12,12,4776,2400,21,1.75,142,2994,49433,0.12009967,0.06119343,60
pencil-highres-4800x2424-dpi96-S200-P0.5-N1-scale12-transparent.png,12,21,1.75,12,12,4776,2400,21,1.75,143,3015,49670,0.12047113,0.06044112,61
pencil-highres-4800x2424-dpi96-S200-P0.5-N1-scale12-transparent.png,12,21,1.75,12,12,4776,2400,21,1.75,144,3036,49608,0.11915834,0.05988218,61
pencil-highres-4800x2424-dpi96-S200-P0.5-N1-scale12-transparent.png,12,21,1.75,12,12,4776,2400,21,1.75,145,3057,49631,0.11688655,0.05874684,58
pencil-highres-4800x2424-dpi96-S200-P0.5-N1-scale12-transparent.png,12,21,1.75,12,12,4776,2400,21,1.75,146,3078,49425,0.11411843,0.05817497,59
pencil-highres-4800x2424-dpi96-S200-P0.5-N1-scale12-transparent.png,12,21,1.75,12,12,4776,2400,21,1.75,147,3099,49461,0.11364714,0.05791711,58
pencil-highres-4800x2424-dpi96-S200-P0.5-N1-scale12-transparent.png,12,21,1.75,12,12,4776,2400,21,1.75,148,3120,49525,0.11433683,0.05769053,58
pencil-highres-4800x2424-dpi96-S200-P0.5-N1-scale12-transparent.png,12,21,1.75,12,12,4776,2400,21,1.75,149,3141,49656,0.11328151,0.05683958,57
pencil-highres-4800x2424-dpi96-S200-P0.5-N1-scale12-transparent.png,12,21,1.75,12,12,4776,2400,21,1.75,150,3162,49414,0.11161687,0.05612071,56
pencil-highres-4800x2424-dpi96-S200-P0.5-N1-scale12-transparent.png,12,21,1.75,12,12,4776,2400,21,1.75,151,3183,49650,0.1114674,0.05541294,56
pencil-highres-4800x2424-dpi96-S200-P0.5-N1-scale12-transparent.png,12,21,1.75,12,12,4776,2400,21,1.75,152,3204,49443,0.10798047,0.05446412,56
pencil-highres-4800x2424-dpi96-S200-P0.5-N1-scale12-transparent.png,12,21,1.75,12,12,4776,2400,21,1.75,153,3225,49451,0.10530096,0.05330249,55
pencil-highres-4800x2424-dpi96-S200-P0.5-N1-scale12-transparent.png,12,21,1.75,12,12,4776,2400,21,1.75,154,3246,49320,0.10387208,0.05274258,54
pencil-highres-4800x2424-dpi96-S200-P0.5-N1-scale12-transparent.png,12,21,1.75,12,12,4776,2400,21,1.75,155,3267,49547,0.10347619,0.05175474,53
pencil-highres-4800x2424-dpi96-S200-P0.5-N1-scale12-transparent.png,12,21,1.75,12,12,4776,2400,21,1.75,156,3288,49605,0.10339177,0.05157499,50
pencil-highres-4800x2424-dpi96-S200-P0.5-N1-scale12-transparent.png,12,21,1.75,12,12,4776,2400,21,1.75,157,3309,49775,0.10307719,0.05119456,52
pencil-highres-4800x2424-dpi96-S200-P0.5-N1-scale12-transparent.png,12,21,1.75,12,12,4776,2400,21,1.75,158,3330,49697,0.10014574,0.05001945,50
pencil-highres-4800x2424-dpi96-S200-P0.5-N1-scale12-transparent.png,12,21,1.75,12,12,4776,2400,21,1.75,159,3351,49710,0.09723755,0.04896435,50
pencil-highres-4800x2424-dpi96-S200-P0.5-N1-scale12-transparent.png,12,21,1.75,12,12,4776,2400,21,1.75,160,3372,49576,0.09536998,0.04840473,50
pencil-highres-4800x2424-dpi96-S200-P0.5-N1-scale12-transparent.png,12,21,1.75,12,12,4776,2400,21,1.75,161,3393,49554,0.09470316,0.04807841,48
pencil-highres-4800x2424-dpi96-S200-P0.5-N1-scale12-transparent.png,12,21,1.75,12,12,4776,2400,21,1.75,162,3414,49600,0.09168495,0.0470093,48
pencil-highres-4800x2424-dpi96-S200-P0.5-N1-scale12-transparent.png,12,21,1.75,12,12,4776,2400,21,1.75,163,3435,49602,0.09167398,0.04678798,49
pencil-highres-4800x2424-dpi96-S200-P0.5-N1-scale12-transparent.png,12,21,1.75,12,12,4776,2400,21,1.75,164,3456,49601,0.09021857,0.04567069,47
pencil-highres-4800x2424-dpi96-S200-P0.5-N1-scale12-transparent.png,12,21,1.75,12,12,4776,2400,21,1.75,165,3477,49647,0.08894942,0.0449704,47
pencil-highres-4800x2424-dpi96-S200-P0.5-N1-scale12-transparent.png,12,21,1.75,12,12,4776,2400,21,1.75,166,3498,49453,0.0863864,0.04435155,44
pencil-highres-4800x2424-dpi96-S200-P0.5-N1-scale12-transparent.png,12,21,1.75,12,12,4776,2400,21,1.75,167,3519,49339,0.08374183,0.04369517,44
pencil-highres-4800x2424-dpi96-S200-P0.5-N1-scale12-transparent.png,12,21,1.75,12,12,4776,2400,21,1.75,168,3540,49703,0.08288959,0.0430078,44
pencil-highres-4800x2424-dpi96-S200-P0.5-N1-scale12-transparent.png,12,21,1.75,12,12,4776,2400,21,1.75,169,3561,49469,0.08083115,0.04258221,44
pencil-highres-4800x2424-dpi96-S200-P0.5-N1-scale12-transparent.png,12,21,1.75,12,12,4776,2400,21,1.75,170,3582,49526,0.07819997,0.04163135,43
pencil-highres-4800x2424-dpi96-S200-P0.5-N1-scale12-transparent.png,12,21,1.75,12,12,4776,2400,21,1.75,171,3603,49274,0.07529544,0.0407948,42
pencil-highres-4800x2424-dpi96-S200-P0.5-N1-scale12-transparent.png,12,21,1.75,12,12,4776,2400,21,1.75,172,3624,49389,0.07399743,0.04027333,41
pencil-highres-4800x2424-dpi96-S200-P0.5-N1-scale12-transparent.png,12,21,1.75,12,12,4776,2400,21,1.75,173,3645,49442,0.0733829,0.03960705,40
pencil-highres-4800x2424-dpi96-S200-P0.5-N1-scale12-transparent.png,12,21,1.75,12,12,4776,2400,21,1.75,174,3666,49330,0.07132236,0.03859902,39
pencil-highres-4800x2424-dpi96-S200-P0.5-N1-scale12-transparent.png,12,21,1.75,12,12,4776,2400,21,1.75,175,3687,49205,0.06900163,0.03773154,39
pencil-highres-4800x2424-dpi96-S200-P0.5-N1-scale12-transparent.png,12,21,1.75,12,12,4776,2400,21,1.75,176,3708,49332,0.06798498,0.03689504,36
pencil-highres-4800x2424-dpi96-S200-P0.5-N1-scale12-transparent.png,12,21,1.75,12,12,4776,2400,21,1.75,177,3729,49001,0.06512551,0.03626716,36
pencil-highres-4800x2424-dpi96-S200-P0.5-N1-scale12-transparent.png,12,21,1.75,12,12,4776,2400,21,1.75,178,3750,48947,0.06228556,0.03517274,35
pencil-highres-4800x2424-dpi96-S200-P0.5-N1-scale12-transparent.png,12,21,1.75,12,12,4776,2400,21,1.75,179,3771,48773,0.06077568,0.03493931,34
pencil-highres-4800x2424-dpi96-S200-P0.5-N1-scale12-transparent.png,12,21,1.75,12,12,4776,2400,21,1.75,180,3792,48835,0.05978322,0.03424004,33
pencil-highres-4800x2424-dpi96-S200-P0.5-N1-scale12-transparent.png,12,21,1.75,12,12,4776,2400,21,1.75,181,3813,48780,0.05854233,0.03388193,32
pencil-highres-4800x2424-dpi96-S200-P0.5-N1-scale12-transparent.png,12,21,1.75,12,12,4776,2400,21,1.75,182,3834,48649,0.05709781,0.03326865,32
pencil-highres-4800x2424-dpi96-S200-P0.5-N1-scale12-transparent.png,12,21,1.75,12,12,4776,2400,21,1.75,183,3855,48365,0.05445347,0.0320539,31
pencil-highres-4800x2424-dpi96-S200-P0.5-N1-scale12-transparent.png,12,21,1.75,12,12,4776,2400,21,1.75,184,3876,48070,0.05126012,0.03074982,32
pencil-highres-4800x2424-dpi96-S200-P0.5-N1-scale12-transparent.png,12,21,1.75,12,12,4776,2400,21,1.75,185,3897,47747,0.04944024,0.03003099,29
pencil-highres-4800x2424-dpi96-S200-P0.5-N1-scale12-transparent.png,12,21,1.75,12,12,4776,2400,21,1.75,186,3918,47512,0.04786313,0.02908457,28
pencil-highres-4800x2424-dpi96-S200-P0.5-N1-scale12-transparent.png,12,21,1.75,12,12,4776,2400,21,1.75,187,3939,47128,0.04567429,0.02840686,27
pencil-highres-4800x2424-dpi96-S200-P0.5-N1-scale12-transparent.png,12,21,1.75,12,12,4776,2400,21,1.75,188,3960,46950,0.04484687,0.02816339,26
pencil-highres-4800x2424-dpi96-S200-P0.5-N1-scale12-transparent.png,12,21,1.75,12,12,4776,2400,21,1.75,189,3981,46841,0.04317274,0.02738202,25
pencil-highres-4800x2424-dpi96-S200-P0.5-N1-scale12-transparent.png,12,21,1.75,12,12,4776,2400,21,1.75,190,4002,46528,0.04178284,0.02684911,25
pencil-highres-4800x2424-dpi96-S200-P0.5-N1-scale12-transparent.png,12,21,1.75,12,12,4776,2400,21,1.75,191,4023,45853,0.03951766,0.02594792,25
pencil-highres-4800x2424-dpi96-S200-P0.5-N1-scale12-transparent.png,12,21,1.75,12,12,4776,2400,21,1.75,192,4044,45420,0.03724876,0.02500595,23
pencil-highres-4800x2424-dpi96-S200-P0.5-N1-scale12-transparent.png,12,21,1.75,12,12,4776,2400,21,1.75,193,4065,45108,0.03551486,0.02399845,23
pencil-highres-4800x2424-dpi96-S200-P0.5-N1-scale12-transparent.png,12,21,1.75,12,12,4776,2400,21,1.75,194,4086,44675,0.03342639,0.02306208,23
pencil-highres-4800x2424-dpi96-S200-P0.5-N1-scale12-transparent.png,12,21,1.75,12,12,4776,2400,21,1.75,195,4107,44375,0.03123187,0.02178712,22
pencil-highres-4800x2424-dpi96-S200-P0.5-N1-scale12-transparent.png,12,21,1.75,12,12,4776,2400,21,1.75,196,4128,43771,0.02914426,0.0205468,21
pencil-highres-4800x2424-dpi96-S200-P0.5-N1-scale12-transparent.png,12,21,1.75,12,12,4776,2400,21,1.75,197,4149,43533,0.02793091,0.01992931,18
pencil-highres-4800x2424-dpi96-S200-P0.5-N1-scale12-transparent.png,12,21,1.75,12,12,4776,2400,21,1.75,198,4170,43142,0.02700327,0.01945235,18
pencil-highres-4800x2424-dpi96-S200-P0.5-N1-scale12-transparent.png,12,21,1.75,12,12,4776,2400,21,1.75,199,4191,42448,0.02546444,0.01867215,18
pencil-highres-4800x2424-dpi96-S200-P0.5-N1-scale12-transparent.png,12,21,1.75,12,12,4776,2400,21,1.75,200,4212,41886,0.02396327,0.01795105,17
pencil-highres-4800x2424-dpi96-S200-P0.5-N1-scale12-transparent.png,12,21,1.75,12,12,4776,2400,21,1.75,201,4233,41328,0.02272666,0.01722147,16
pencil-highres-4800x2424-dpi96-S200-P0.5-N1-scale12-transparent.png,12,21,1.75,12,12,4776,2400,21,1.75,202,4254,40557,0.02104217,0.01643884,15
pencil-highres-4800x2424-dpi96-S200-P0.5-N1-scale12-transparent.png,12,21,1.75,12,12,4776,2400,21,1.75,203,4275,39880,0.01900171,0.01511674,15
pencil-highres-4800x2424-dpi96-S200-P0.5-N1-scale12-transparent.png,12,21,1.75,12,12,4776,2400,21,1.75,204,4296,39178,0.01774479,0.01460499,15
pencil-highres-4800x2424-dpi96-S200-P0.5-N1-scale12-transparent.png,12,21,1.75,12,12,4776,2400,21,1.75,205,4317,38689,0.01679575,0.01379685,14
pencil-highres-4800x2424-dpi96-S200-P0.5-N1-scale12-transparent.png,12,21,1.75,12,12,4776,2400,21,1.75,206,4338,37956,0.01556738,0.01284437,12
pencil-highres-4800x2424-dpi96-S200-P0.5-N1-scale12-transparent.png,12,21,1.75,12,12,4776,2400,21,1.75,207,4359,37200,0.01433824,0.01195823,11
pencil-highres-4800x2424-dpi96-S200-P0.5-N1-scale12-transparent.png,12,21,1.75,12,12,4776,2400,21,1.75,208,4380,36544,0.01316791,0.01125603,10
pencil-highres-4800x2424-dpi96-S200-P0.5-N1-scale12-transparent.png,12,21,1.75,12,12,4776,2400,21,1.75,209,4401,35427,0.01171794,0.01043912,10
pencil-highres-4800x2424-dpi96-S200-P0.5-N1-scale12-transparent.png,12,21,1.75,12,12,4776,2400,21,1.75,210,4422,34537,0.01084547,0.00993846,10
pencil-highres-4800x2424-dpi96-S200-P0.5-N1-scale12-transparent.png,12,21,1.75,12,12,4776,2400,21,1.75,211,4443,33815,0.00997261,0.00943441,9
pencil-highres-4800x2424-dpi96-S200-P0.5-N1-scale12-transparent.png,12,21,1.75,12,12,4776,2400,21,1.75,212,4464,32874,0.00896024,0.0087654,9
pencil-highres-4800x2424-dpi96-S200-P0.5-N1-scale12-transparent.png,12,21,1.75,12,12,4776,2400,21,1.75,213,4485,31771,0.00829809,0.00833416,8
pencil-highres-4800x2424-dpi96-S200-P0.5-N1-scale12-transparent.png,12,21,1.75,12,12,4776,2400,21,1.75,214,4506,30821,0.00735878,0.00757764,8
pencil-highres-4800x2424-dpi96-S200-P0.5-N1-scale12-transparent.png,12,21,1.75,12,12,4776,2400,21,1.75,215,4527,29598,0.0065333,0.00689489,8
pencil-highres-4800x2424-dpi96-S200-P0.5-N1-scale12-transparent.png,12,21,1.75,12,12,4776,2400,21,1.75,216,4548,28120,0.00543386,0.00595358,7
pencil-highres-4800x2424-dpi96-S200-P0.5-N1-scale12-transparent.png,12,21,1.75,12,12,4776,2400,21,1.75,217,4569,26897,0.00451556,0.00485624,6
pencil-highres-4800x2424-dpi96-S200-P0.5-N1-scale12-transparent.png,12,21,1.75,12,12,4776,2400,21,1.75,218,4590,25541,0.00403999,0.00454163,4
pencil-highres-4800x2424-dpi96-S200-P0.5-N1-scale12-transparent.png,12,21,1.75,12,12,4776,2400,21,1.75,219,4611,23607,0.00352288,0.00425336,4
pencil-highres-4800x2424-dpi96-S200-P0.5-N1-scale12-transparent.png,12,21,1.75,12,12,4776,2400,21,1.75,220,4632,21976,0.0029716,0.00379485,4
pencil-highres-4800x2424-dpi96-S200-P0.5-N1-scale12-transparent.png,12,21,1.75,12,12,4776,2400,21,1.75,221,4653,19668,0.00249953,0.00349469,4
pencil-highres-4800x2424-dpi96-S200-P0.5-N1-scale12-transparent.png,12,21,1.75,12,12,4776,2400,21,1.75,222,4674,17593,0.00210294,0.00318637,3
pencil-highres-4800x2424-dpi96-S200-P0.5-N1-scale12-transparent.png,12,21,1.75,12,12,4776,2400,21,1.75,223,4695,15552,0.0017556,0.00287285,3
pencil-highres-4800x2424-dpi96-S200-P0.5-N1-scale12-transparent.png,12,21,1.75,12,12,4776,2400,21,1.75,224,4716,13168,0.00136469,0.00248878,3
pencil-highres-4800x2424-dpi96-S200-P0.5-N1-scale12-transparent.png,12,21,1.75,12,12,4776,2400,21,1.75,225,4737,10149,0.0009895,0.0021156,3
pencil-highres-4800x2424-dpi96-S200-P0.5-N1-scale12-transparent.png,12,21,1.75,12,12,4776,2400,21,1.75,226,4758,6256,0.00055556,0.00155225,2
pencil-highres-4800x2424-dpi96-S200-P0.5-N1-scale12-transparent.png,12,21,1.75,12,12,4776,2400,21,1.75,227,4779,1206,0.00024292,0.00103999,2
pencil-highres-4000x2020-dpi96-S200-P0.5-N1-scale10-transparent.png,10,18,1.8,10,10,3980,2000,18,1.8,0,10,3158,0.00039553,0.00134119,2
pencil-highres-4000x2020-dpi96-S200-P0.5-N1-scale10-transparent.png,10,18,1.8,10,10,3980,2000,18,1.8,1,28,6122,0.00080599,0.00189884,3
pencil-highres-4000x2020-dpi96-S200-P0.5-N1-scale10-transparent.png,10,18,1.8,10,10,3980,2000,18,1.8,2,46,8948,0.00126699,0.00238962,3
pencil-highres-4000x2020-dpi96-S200-P0.5-N1-scale10-transparent.png,10,18,1.8,10,10,3980,2000,18,1.8,3,64,10519,0.00161928,0.00274658,3
pencil-highres-4000x2020-dpi96-S200-P0.5-N1-scale10-transparent.png,10,18,1.8,10,10,3980,2000,18,1.8,4,82,12400,0.00193519,0.0029335,3
pencil-highres-4000x2020-dpi96-S200-P0.5-N1-scale10-transparent.png,10,18,1.8,10,10,3980,2000,18,1.8,5,100,13752,0.00238126,0.00337398,3
pencil-highres-4000x2020-dpi96-S200-P0.5-N1-scale10-transparent.png,10,18,1.8,10,10,3980,2000,18,1.8,6,118,15672,0.00296819,0.00379785,4
pencil-highres-4000x2020-dpi96-S200-P0.5-N1-scale10-transparent.png,10,18,1.8,10,10,3980,2000,18,1.8,7,136,16971,0.00352386,0.00421367,4
pencil-highres-4000x2020-dpi96-S200-P0.5-N1-scale10-transparent.png,10,18,1.8,10,10,3980,2000,18,1.8,8,154,18030,0.00401449,0.00454372,4
pencil-highres-4000x2020-dpi96-S200-P0.5-N1-scale10-transparent.png,10,18,1.8,10,10,3980,2000,18,1.8,9,172,19231,0.00443224,0.00475346,5
pencil-highres-4000x2020-dpi96-S200-P0.5-N1-scale10-transparent.png,10,18,1.8,10,10,3980,2000,18,1.8,10,190,19942,0.00519085,0.00570078,7
pencil-highres-4000x2020-dpi96-S200-P0.5-N1-scale10-transparent.png,10,18,1.8,10,10,3980,2000,18,1.8,11,208,20951,0.00619444,0.00660816,7
pencil-highres-4000x2020-dpi96-S200-P0.5-N1-scale10-transparent.png,10,18,1.8,10,10,3980,2000,18,1.8,12,226,21845,0.0070342,0.00734351,8
pencil-highres-4000x2020-dpi96-S200-P0.5-N1-scale10-transparent.png,10,18,1.8,10,10,3980,2000,18,1.8,13,244,22657,0.0080646,0.00815398,8
pencil-highres-4000x2020-dpi96-S200-P0.5-N1-scale10-transparent.png,10,18,1.8,10,10,3980,2000,18,1.8,14,262,23477,0.00929608,0.00893573,9
pencil-highres-4000x2020-dpi96-S200-P0.5-N1-scale10-transparent.png,10,18,1.8,10,10,3980,2000,18,1.8,15,280,24183,0.01026438,0.00959636,9
pencil-highres-4000x2020-dpi96-S200-P0.5-N1-scale10-transparent.png,10,18,1.8,10,10,3980,2000,18,1.8,16,298,24992,0.01129346,0.0102009,10
pencil-highres-4000x2020-dpi96-S200-P0.5-N1-scale10-transparent.png,10,18,1.8,10,10,3980,2000,18,1.8,17,316,25498,0.01196972,0.0106517,10
pencil-highres-4000x2020-dpi96-S200-P0.5-N1-scale10-transparent.png,10,18,1.8,10,10,3980,2000,18,1.8,18,334,26122,0.0133037,0.01134987,10
pencil-highres-4000x2020-dpi96-S200-P0.5-N1-scale10-transparent.png,10,18,1.8,10,10,3980,2000,18,1.8,19,352,26734,0.01429161,0.01186892,11
pencil-highres-4000x2020-dpi96-S200-P0.5-N1-scale10-transparent.png,10,18,1.8,10,10,3980,2000,18,1.8,20,370,27014,0.01546351,0.01292514,13
pencil-highres-4000x2020-dpi96-S200-P0.5-N1-scale10-transparent.png,10,18,1.8,10,10,3980,2000,18,1.8,21,388,27490,0.01650915,0.01376513,14
pencil-highres-4000x2020-dpi96-S200-P0.5-N1-scale10-transparent.png,10,18,1.8,10,10,3980,2000,18,1.8,22,406,28026,0.01810773,0.01484238,15
pencil-highres-4000x2020-dpi96-S200-P0.5-N1-scale10-transparent.png,10,18,1.8,10,10,3980,2000,18,1.8,23,424,28561,0.01996786,0.01594366,16
pencil-highres-4000x2020-dpi96-S200-P0.5-N1-scale10-transparent.png,10,18,1.8,10,10,3980,2000,18,1.8,24,442,29302,0.02153017,0.01661407,16
pencil-highres-4000x2020-dpi96-S200-P0.5-N1-scale10-transparent.png,10,18,1.8,10,10,3980,2000,18,1.8,25,460,29576,0.02287723,0.01744911,17
pencil-highres-4000x2020-dpi96-S200-P0.5-N1-scale10-transparent.png,10,18,1.8,10,10,3980,2000,18,1.8,26,478,30236,0.02484074,0.01825511,18
pencil-highres-4000x2020-dpi96-S200-P0.5-N1-scale10-transparent.png,10,18,1.8,10,10,3980,2000,18,1.8,27,496,30476,0.02584009,0.01886917,18
pencil-highres-4000x2020-dpi96-S200-P0.5-N1-scale10-transparent.png,10,18,1.8,10,10,3980,2000,18,1.8,28,514,30742,0.0266768,0.01910018,18
pencil-highres-4000x2020-dpi96-S200-P0.5-N1-scale10-transparent.png,10,18,1.8,10,10,3980,2000,18,1.8,29,532,31118,0.0283451,0.01999039,19
pencil-highres-4000x2020-dpi96-S200-P0.5-N1-scale10-transparent.png,10,18,1.8,10,10,3980,2000,18,1.8,30,550,31578,0.03077865,0.02134815,22
pencil-highres-4000x2020-dpi96-S200-P0.5-N1-scale10-transparent.png,10,18,1.8,10,10,3980,2000,18,1.8,31,568,31959,0.03315893,0.02277525,23
pencil-highres-4000x2020-dpi96-S200-P0.5-N1-scale10-transparent.png,10,18,1.8,10,10,3980,2000,18,1.8,32,586,32292,0.03525773,0.02387684,24
pencil-highres-4000x2020-dpi96-S200-P0.5-N1-scale10-transparent.png,10,18,1.8,10,10,3980,2000,18,1.8,33,604,32544,0.03677048,0.0245108,24
pencil-highres-4000x2020-dpi96-S200-P0.5-N1-scale10-transparent.png,10,18,1.8,10,10,3980,2000,18,1.8,34,622,32644,0.03769118,0.02500641,24
pencil-highres-4000x2020-dpi96-S200-P0.5-N1-scale10-transparent.png,10,18,1.8,10,10,3980,2000,18,1.8,35,640,32928,0.03982843,0.02606529,25
pencil-highres-4000x2020-dpi96-S200-P0.5-N1-scale10-transparent.png,10,18,1.8,10,10,3980,2000,18,1.8,36,658,33112,0.04164096,0.0268435,26
pencil-highres-4000x2020-dpi96-S200-P0.5-N1-scale10-transparent.png,10,18,1.8,10,10,3980,2000,18,1.8,37,676,33357,0.04333126,0.02756891,27
pencil-highres-4000x2020-dpi96-S200-P0.5-N1-scale10-transparent.png,10,18,1.8,10,10,3980,2000,18,1.8,38,694,33731,0.04602941,0.02859443,28
pencil-highres-4000x2020-dpi96-S200-P0.5-N1-scale10-transparent.png,10,18,1.8,10,10,3980,2000,18,1.8,39,712,33943,0.04772048,0.02921792,28
pencil-highres-4000x2020-dpi96-S200-P0.5-N1-scale10-transparent.png,10,18,1.8,10,10,3980,2000,18,1.8,40,730,34156,0.05059107,0.03064492,30
pencil-highres-4000x2020-dpi96-S200-P0.5-N1-scale10-transparent.png,10,18,1.8,10,10,3980,2000,18,1.8,41,748,34147,0.05159695,0.03142263,31
pencil-highres-4000x2020-dpi96-S200-P0.5-N1-scale10-transparent.png,10,18,1.8,10,10,3980,2000,18,1.8,42,766,34625,0.05440937,0.03262628,33
pencil-highres-4000x2020-dpi96-S200-P0.5-N1-scale10-transparent.png,10,18,1.8,10,10,3980,2000,18,1.8,43,784,34649,0.0565695,0.03352006,33
pencil-highres-4000x2020-dpi96-S200-P0.5-N1-scale10-transparent.png,10,18,1.8,10,10,3980,2000,18,1.8,44,802,34793,0.05828856,0.03454477,33
pencil-highres-4000x2020-dpi96-S200-P0.5-N1-scale10-transparent.png,10,18,1.8,10,10,3980,2000,18,1.8,45,820,34737,0.05889837,0.03485395,34
pencil-highres-4000x2020-dpi96-S200-P0.5-N1-scale10-transparent.png,10,18,1.8,10,10,3980,2000,18,1.8,46,838,34880,0.06097658,0.03582676,34
pencil-highres-4000x2020-dpi96-S200-P0.5-N1-scale10-transparent.png,10,18,1.8,10,10,3980,2000,18,1.8,47,856,35062,0.06433595,0.03704379,34
pencil-highres-4000x2020-dpi96-S200-P0.5-N1-scale10-transparent.png,10,18,1.8,10,10,3980,2000,18,1.8,48,874,35217,0.06649793,0.03736697,35
pencil-highres-4000x2020-dpi96-S200-P0.5-N1-scale10-transparent.png,10,18,1.8,10,10,3980,2000,18,1.8,49,892,35209,0.06807157,0.0379827,35
pencil-highres-4000x2020-dpi96-S200-P0.5-N1-scale10-transparent.png,10,18,1.8,10,10,3980,2000,18,1.8,50,910,35337,0.07124695,0.03912281,38
pencil-highres-4000x2020-dpi96-S200-P0.5-N1-scale10-transparent.png,10,18,1.8,10,10,3980,2000,18,1.8,51,928,35342,0.07217484,0.04000134,38
pencil-highres-4000x2020-dpi96-S200-P0.5-N1-scale10-transparent.png,10,18,1.8,10,10,3980,2000,18,1.8,52,946,35493,0.07335556,0.04048187,40
pencil-highres-4000x2020-dpi96-S200-P0.5-N1-scale10-transparent.png,10,18,1.8,10,10,3980,2000,18,1.8,53,964,35366,0.07529129,0.04147174,41
pencil-highres-4000x2020-dpi96-S200-P0.5-N1-scale10-transparent.png,10,18,1.8,10,10,3980,2000,18,1.8,54,982,35561,0.07827397,0.04210852,41
pencil-highres-4000x2020-dpi96-S200-P0.5-N1-scale10-transparent.png,10,18,1.8,10,10,3980,2000,18,1.8,55,1000,35571,0.08114074,0.04311705,42
pencil-highres-4000x2020-dpi96-S200-P0.5-N1-scale10-transparent.png,10,18,1.8,10,10,3980,2000,18,1.8,56,1018,35729,0.08369804,0.04372193,42
pencil-highres-4000x2020-dpi96-S200-P0.5-N1-scale10-transparent.png,10,18,1.8,10,10,3980,2000,18,1.8,57,1036,35688,0.08452113,0.04381027,42
pencil-highres-4000x2020-dpi96-S200-P0.5-N1-scale10-transparent.png,10,18,1.8,10,10,3980,2000,18,1.8,58,1054,35602,0.08449532,0.0439794,43
pencil-highres-4000x2020-dpi96-S200-P0.5-N1-scale10-transparent.png,10,18,1.8,10,10,3980,2000,18,1.8,59,1072,35512,0.0863768,0.04450548,44
pencil-highres-4000x2020-dpi96-S200-P0.5-N1-scale10-transparent.png,10,18,1.8,10,10,3980,2000,18,1.8,60,1090,35562,0.08869749,0.04547435,45
pencil-highres-4000x2020-dpi96-S200-P0.5-N1-scale10-transparent.png,10,18,1.8,10,10,3980,2000,18,1.8,61,1108,35521,0.09017778,0.04626941,46
pencil-highres-4000x2020-dpi96-S200-P0.5-N1-scale10-transparent.png,10,18,1.8,10,10,3980,2000,18,1.8,62,1126,35698,0.09344412,0.04709967,48
pencil-highres-4000x2020-dpi96-S200-P0.5-N1-scale10-transparent.png,10,18,1.8,10,10,3980,2000,18,1.8,63,1144,35647,0.09527092,0.04765662,48
pencil-highres-4000x2020-dpi96-S200-P0.5-N1-scale10-transparent.png,10,18,1.8,10,10,3980,2000,18,1.8,64,1162,35640,0.09745272,0.04851649,48
pencil-highres-4000x2020-dpi96-S200-P0.5-N1-scale10-transparent.png,10,18,1.8,10,10,3980,2000,18,1.8,65,1180,35518,0.09768072,0.04936349,49
pencil-highres-4000x2020-dpi96-S200-P0.5-N1-scale10-transparent.png,10,18,1.8,10,10,3980,2000,18,1.8,66,1198,35404,0.0996744,0.04977613,50
pencil-highres-4000x2020-dpi96-S200-P0.5-N1-scale10-transparent.png,10,18,1.8,10,10,3980,2000,18,1.8,67,1216,35632,0.10172832,0.05028666,51
pencil-highres-4000x2020-dpi96-S200-P0.5-N1-scale10-transparent.png,10,18,1.8,10,10,3980,2000,18,1.8,68,1234,35585,0.10266721,0.0512116,51
pencil-highres-4000x2020-dpi96-S200-P0.5-N1-scale10-transparent.png,10,18,1.8,10,10,3980,2000,18,1.8,69,1252,35520,0.10245142,0.051361,52
pencil-highres-4000x2020-dpi96-S200-P0.5-N1-scale10-transparent.png,10,18,1.8,10,10,3980,2000,18,1.8,70,1270,35446,0.103711,0.0525647,54
pencil-highres-4000x2020-dpi96-S200-P0.5-N1-scale10-transparent.png,10,18,1.8,10,10,3980,2000,18,1.8,71,1288,35482,0.10751362,0.05382256,55
pencil-highres-4000x2020-dpi96-S200-P0.5-N1-scale10-transparent.png,10,18,1.8,10,10,3980,2000,18,1.8,72,1306,35590,0.10959074,0.05439389,56
pencil-highres-4000x2020-dpi96-S200-P0.5-N1-scale10-transparent.png,10,18,1.8,10,10,3980,2000,18,1.8,73,1324,35492,0.11008758,0.05500848,56
pencil-highres-4000x2020-dpi96-S200-P0.5-N1-scale10-transparent.png,10,18,1.8,10,10,3980,2000,18,1.8,74,1342,35534,0.11316808,0.05572955,57
pencil-highres-4000x2020-dpi96-S200-P0.5-N1-scale10-transparent.png,10,18,1.8,10,10,3980,2000,18,1.8,75,1360,35450,0.11250011,0.05627204,57
pencil-highres-4000x2020-dpi96-S200-P0.5-N1-scale10-transparent.png,10,18,1.8,10,10,3980,2000,18,1.8,76,1378,35568,0.11313007,0.05664133,56
pencil-highres-4000x2020-dpi96-S200-P0.5-N1-scale10-transparent.png,10,18,1.8,10,10,3980,2000,18,1.8,77,1396,35419,0.11302549,0.05693254,58
pencil-highres-4000x2020-dpi96-S200-P0.5-N1-scale10-transparent.png,10,18,1.8,10,10,3980,2000,18,1.8,78,1414,35515,0.11503333,0.05735645,58
pencil-highres-4000x2020-dpi96-S200-P0.5-N1-scale10-transparent.png,10,18,1.8,10,10,3980,2000,18,1.8,79,1432,35511,0.11779728,0.05812337,58
pencil-highres-4000x2020-dpi96-S200-P0.5-N1-scale10-transparent.png,10,18,1.8,10,10,3980,2000,18,1.8,80,1450,35714,0.12064913,0.05938853,61
pencil-highres-4000x2020-dpi96-S200-P0.5-N1-scale10-transparent.png,10,18,1.8,10,10,3980,2000,18,1.8,81,1468,35605,0.12020512,0.05985286,61
pencil-highres-4000x2020-dpi96-S200-P0.5-N1-scale10-transparent.png,10,18,1.8,10,10,3980,2000,18,1.8,82,1486,35596,0.11987691,0.06015058,62
pencil-highres-4000x2020-dpi96-S200-P0.5-N1-scale10-transparent.png,10,18,1.8,10,10,3980,2000,18,1.8,83,1504,35493,0.12067244,0.0610512,62
pencil-highres-4000x2020-dpi96-S200-P0.5-N1-scale10-transparent.png,10,18,1.8,10,10,3980,2000,18,1.8,84,1522,35519,0.12317593,0.06242507,61
pencil-highres-4000x2020-dpi96-S200-P0.5-N1-scale10-transparent.png,10,18,1.8,10,10,3980,2000,18,1.8,85,1540,35593,0.12274902,0.06285085,62
pencil-highres-4000x2020-dpi96-S200-P0.5-N1-scale10-transparent.png,10,18,1.8,10,10,3980,2000,18,1.8,86,1558,35661,0.12578159,0.06379869,63
pencil-highres-4000x2020-dpi96-S200-P0.5-N1-scale10-transparent.png,10,18,1.8,10,10,3980,2000,18,1.8,87,1576,35587,0.12676558,0.06381399,63
pencil-highres-4000x2020-dpi96-S200-P0.5-N1-scale10-transparent.png,10,18,1.8,10,10,3980,2000,18,1.8,88,1594,35633,0.12809782,0.06429994,64
pencil-highres-4000x2020-dpi96-S200-P0.5-N1-scale10-transparent.png,10,18,1.8,10,10,3980,2000,18,1.8,89,1612,35472,0.1271622,0.06481541,64
pencil-highres-4000x2020-dpi96-S200-P0.5-N1-scale10-transparent.png,10,18,1.8,10,10,3980,2000,18,1.8,90,1630,35356,0.12704532,0.06518229,65
pencil-highres-4000x2020-dpi96-S200-P0.5-N1-scale10-transparent.png,10,18,1.8,10,10,3980,2000,18,1.8,91,1648,35554,0.12891558,0.06578654,65
pencil-highres-4000x2020-dpi96-S200-P0.5-N1-scale10-transparent.png,10,18,1.8,10,10,3980,2000,18,1.8,92,1666,35455,0.12850675,0.06673951,66
pencil-highres-4000x2020-dpi96-S200-P0.5-N1-scale10-transparent.png,10,18,1.8,10,10,3980,2000,18,1.8,93,1684,35544,0.12738464,0.06652736,66
pencil-highres-4000x2020-dpi96-S200-P0.5-N1-scale10-transparent.png,10,18,1.8,10,10,3980,2000,18,1.8,94,1702,35376,0.12715425,0.06742508,66
pencil-highres-4000x2020-dpi96-S200-P0.5-N1-scale10-transparent.png,10,18,1.8,10,10,3980,2000,18,1.8,95,1720,35466,0.12963954,0.06835893,67
pencil-highres-4000x2020-dpi96-S200-P0.5-N1-scale10-transparent.png,10,18,1.8,10,10,3980,2000,18,1.8,96,1738,35527,0.13109052,0.06831215,67
pencil-highres-4000x2020-dpi96-S200-P0.5-N1-scale10-transparent.png,10,18,1.8,10,10,3980,2000,18,1.8,97,1756,35514,0.13050294,0.06823069,68
pencil-highres-4000x2020-dpi96-S200-P0.5-N1-scale10-transparent.png,10,18,1.8,10,10,3980,2000,18,1.8,98,1774,35483,0.13241732,0.06843226,67
pencil-highres-4000x2020-dpi96-S200-P0.5-N1-scale10-transparent.png,10,18,1.8,10,10,3980,2000,18,1.8,99,1792,35410,0.13069423,0.06832597,66
pencil-highres-4000x2020-dpi96-S200-P0.5-N1-scale10-transparent.png,10,18,1.8,10,10,3980,2000,18,1.8,100,1810,35558,0.13128028,0.06863986,69
pencil-highres-4000x2020-dpi96-S200-P0.5-N1-scale10-transparent.png,10,18,1.8,10,10,3980,2000,18,1.8,101,1828,35394,0.12914161,0.06851136,68
pencil-highres-4000x2020-dpi96-S200-P0.5-N1-scale10-transparent.png,10,18,1.8,10,10,3980,2000,18,1.8,102,1846,35440,0.13031351,0.06933249,68
pencil-highres-4000x2020-dpi96-S200-P0.5-N1-scale10-transparent.png,10,18,1.8,10,10,3980,2000,18,1.8,103,1864,35435,0.13324194,0.07036599,68
pencil-highres-4000x2020-dpi96-S200-P0.5-N1-scale10-transparent.png,10,18,1.8,10,10,3980,2000,18,1.8,104,1882,35675,0.13477723,0.07081288,70
pencil-highres-4000x2020-dpi96-S200-P0.5-N1-scale10-transparent.png,10,18,1.8,10,10,3980,2000,18,1.8,105,1900,35549,0.13309532,0.07051633,69
pencil-highres-4000x2020-dpi96-S200-P0.5-N1-scale10-transparent.png,10,18,1.8,10,10,3980,2000,18,1.8,106,1918,35551,0.13189314,0.06955627,68
pencil-highres-4000x2020-dpi96-S200-P0.5-N1-scale10-transparent.png,10,18,1.8,10,10,3980,2000,18,1.8,107,1936,35470,0.13079444,0.0692859,69
pencil-highres-4000x2020-dpi96-S200-P0.5-N1-scale10-transparent.png,10,18,1.8,10,10,3980,2000,18,1.8,108,1954,35468,0.13181013,0.06946073,69
pencil-highres-4000x2020-dpi96-S200-P0.5-N1-scale10-transparent.png,10,18,1.8,10,10,3980,2000,18,1.8,109,1972,35482,0.12972876,0.06871185,68
pencil-highres-4000x2020-dpi96-S200-P0.5-N1-scale10-transparent.png,10,18,1.8,10,10,3980,2000,18,1.8,110,1990,35513,0.13217092,0.06943204,69
pencil-highres-4000x2020-dpi96-S200-P0.5-N1-scale10-transparent.png,10,18,1.8,10,10,3980,2000,18,1.8,111,2008,35560,0.13263486,0.06935293,68
pencil-highres-4000x2020-dpi96-S200-P0.5-N1-scale10-transparent.png,10,18,1.8,10,10,3980,2000,18,1.8,112,2026,35550,0.13375969,0.07000699,68
pencil-highres-4000x2020-dpi96-S200-P0.5-N1-scale10-transparent.png,10,18,1.8,10,10,3980,2000,18,1.8,113,2044,35403,0.13282331,0.07051088,68
pencil-highres-4000x2020-dpi96-S200-P0.5-N1-scale10-transparent.png,10,18,1.8,10,10,3980,2000,18,1.8,114,2062,35284,0.1315146,0.07053276,67
pencil-highres-4000x2020-dpi96-S200-P0.5-N1-scale10-transparent.png,10,18,1.8,10,10,3980,2000,18,1.8,115,2080,35529,0.13309695,0.07028293,69
pencil-highres-4000x2020-dpi96-S200-P0.5-N1-scale10-transparent.png,10,18,1.8,10,10,3980,2000,18,1.8,116,2098,35450,0.13240109,0.07051173,69
pencil-highres-4000x2020-dpi96-S200-P0.5-N1-scale10-transparent.png,10,18,1.8,10,10,3980,2000,18,1.8,117,2116,35521,0.13101536,0.06956287,69
pencil-highres-4000x2020-dpi96-S200-P0.5-N1-scale10-transparent.png,10,18,1.8,10,10,3980,2000,18,1.8,118,2134,35376,0.12950174,0.06938085,69
pencil-highres-4000x2020-dpi96-S200-P0.5-N1-scale10-transparent.png,10,18,1.8,10,10,3980,2000,18,1.8,119,2152,35432,0.13054085,0.06954586,69
pencil-highres-4000x2020-dpi96-S200-P0.5-N1-scale10-transparent.png,10,18,1.8,10,10,3980,2000,18,1.8,120,2170,35419,0.13201754,0.06909921,70
pencil-highres-4000x2020-dpi96-S200-P0.5-N1-scale10-transparent.png,10,18,1.8,10,10,3980,2000,18,1.8,121,2188,35434,0.13103115,0.06839092,67
pencil-highres-4000x2020-dpi96-S200-P0.5-N1-scale10-transparent.png,10,18,1.8,10,10,3980,2000,18,1.8,122,2206,35361,0.13138606,0.06829498,67
pencil-highres-4000x2020-dpi96-S200-P0.5-N1-scale10-transparent.png,10,18,1.8,10,10,3980,2000,18,1.8,123,2224,35423,0.13078377,0.06821614,67
pencil-highres-4000x2020-dpi96-S200-P0.5-N1-scale10-transparent.png,10,18,1.8,10,10,3980,2000,18,1.8,124,2242,35456,0.13040512,0.06811365,66
pencil-highres-4000x2020-dpi96-S200-P0.5-N1-scale10-transparent.png,10,18,1.8,10,10,3980,2000,18,1.8,125,2260,35383,0.1272537,0.06692863,68
pencil-highres-4000x2020-dpi96-S200-P0.5-N1-scale10-transparent.png,10,18,1.8,10,10,3980,2000,18,1.8,126,2278,35403,0.12780381,0.06728005,67
pencil-highres-4000x2020-dpi96-S200-P0.5-N1-scale10-transparent.png,10,18,1.8,10,10,3980,2000,18,1.8,127,2296,35391,0.12993224,0.0671767,67
pencil-highres-4000x2020-dpi96-S200-P0.5-N1-scale10-transparent.png,10,18,1.8,10,10,3980,2000,18,1.8,128,2314,35593,0.13059946,0.06709651,65
pencil-highres-4000x2020-dpi96-S200-P0.5-N1-scale10-transparent.png,10,18,1.8,10,10,3980,2000,18,1.8,129,2332,35522,0.12922941,0.06632114,66
pencil-highres-4000x2020-dpi96-S200-P0.5-N1-scale10-transparent.png,10,18,1.8,10,10,3980,2000,18,1.8,130,2350,35459,0.12719357,0.064942,64
pencil-highres-4000x2020-dpi96-S200-P0.5-N1-scale10-transparent.png,10,18,1.8,10,10,3980,2000,18,1.8,131,2368,35497,0.12529237,0.06409995,65
pencil-highres-4000x2020-dpi96-S200-P0.5-N1-scale10-transparent.png,10,18,1.8,10,10,3980,2000,18,1.8,132,2386,35410,0.1252244,0.0640493,63
pencil-highres-4000x2020-dpi96-S200-P0.5-N1-scale10-transparent.png,10,18,1.8,10,10,3980,2000,18,1.8,133,2404,35421,0.12365588,0.06375207,62
pencil-highres-4000x2020-dpi96-S200-P0.5-N1-scale10-transparent.png,10,18,1.8,10,10,3980,2000,18,1.8,134,2422,35496,0.12468911,0.06368703,62
pencil-highres-4000x2020-dpi96-S200-P0.5-N1-scale10-transparent.png,10,18,1.8,10,10,3980,2000,18,1.8,135,2440,35549,0.12489423,0.06315421,62
pencil-highres-4000x2020-dpi96-S200-P0.5-N1-scale10-transparent.png,10,18,1.8,10,10,3980,2000,18,1.8,136,2458,35546,0.12446394,0.06277686,63
pencil-highres-4000x2020-dpi96-S200-P0.5-N1-scale10-transparent.png,10,18,1.8,10,10,3980,2000,18,1.8,137,2476,35415,0.12301612,0.06227141,62
pencil-highres-4000x2020-dpi96-S200-P0.5-N1-scale10-transparent.png,10,18,1.8,10,10,3980,2000,18,1.8,138,2494,35306,0.12015904,0.06124234,60
pencil-highres-4000x2020-dpi96-S200-P0.5-N1-scale10-transparent.png,10,18,1.8,10,10,3980,2000,18,1.8,139,2512,35484,0.12053007,0.06043112,61
pencil-highres-4000x2020-dpi96-S200-P0.5-N1-scale10-transparent.png,10,18,1.8,10,10,3980,2000,18,1.8,140,2530,35428,0.11911786,0.0598855,60
pencil-highres-4000x2020-dpi96-S200-P0.5-N1-scale10-transparent.png,10,18,1.8,10,10,3980,2000,18,1.8,141,2548,35450,0.11673159,0.05869115,58
pencil-highres-4000x2020-dpi96-S200-P0.5-N1-scale10-transparent.png,10,18,1.8,10,10,3980,2000,18,1.8,142,2566,35299,0.11409521,0.0581532,59
pencil-highres-4000x2020-dpi96-S200-P0.5-N1-scale10-transparent.png,10,18,1.8,10,10,3980,2000,18,1.8,143,2584,35350,0.11370261,0.05794271,58
pencil-highres-4000x2020-dpi96-S200-P0.5-N1-scale10-transparent.png,10,18,1.8,10,10,3980,2000,18,1.8,144,2602,35391,0.11443192,0.05751781,57
pencil-highres-4000x2020-dpi96-S200-P0.5-N1-scale10-transparent.png,10,18,1.8,10,10,3980,2000,18,1.8,145,2620,35438,0.11307081,0.05682817,57
pencil-highres-4000x2020-dpi96-S200-P0.5-N1-scale10-transparent.png,10,18,1.8,10,10,3980,2000,18,1.8,146,2638,35295,0.11132375,0.05585506,56
pencil-highres-4000x2020-dpi96-S200-P0.5-N1-scale10-transparent.png,10,18,1.8,10,10,3980,2000,18,1.8,147,2656,35449,0.1107902,0.05528914,56
pencil-highres-4000x2020-dpi96-S200-P0.5-N1-scale10-transparent.png,10,18,1.8,10,10,3980,2000,18,1.8,148,2674,35374,0.10790534,0.05433423,55
pencil-highres-4000x2020-dpi96-S200-P0.5-N1-scale10-transparent.png,10,18,1.8,10,10,3980,2000,18,1.8,149,2692,35275,0.10440773,0.05277594,54
pencil-highres-4000x2020-dpi96-S200-P0.5-N1-scale10-transparent.png,10,18,1.8,10,10,3980,2000,18,1.8,150,2710,35263,0.10347026,0.0525625,54
pencil-highres-4000x2020-dpi96-S200-P0.5-N1-scale10-transparent.png,10,18,1.8,10,10,3980,2000,18,1.8,151,2728,35400,0.10357364,0.0516172,52
pencil-highres-4000x2020-dpi96-S200-P0.5-N1-scale10-transparent.png,10,18,1.8,10,10,3980,2000,18,1.8,152,2746,35537,0.10313224,0.05136308,51
pencil-highres-4000x2020-dpi96-S200-P0.5-N1-scale10-transparent.png,10,18,1.8,10,10,3980,2000,18,1.8,153,2764,35516,0.10186688,0.05080237,52
pencil-highres-4000x2020-dpi96-S200-P0.5-N1-scale10-transparent.png,10,18,1.8,10,10,3980,2000,18,1.8,154,2782,35517,0.09955316,0.04966049,50
pencil-highres-4000x2020-dpi96-S200-P0.5-N1-scale10-transparent.png,10,18,1.8,10,10,3980,2000,18,1.8,155,2800,35444,0.09623322,0.04870339,50
pencil-highres-4000x2020-dpi96-S200-P0.5-N1-scale10-transparent.png,10,18,1.8,10,10,3980,2000,18,1.8,156,2818,35398,0.09496133,0.04816753,48
pencil-highres-4000x2020-dpi96-S200-P0.5-N1-scale10-transparent.png,10,18,1.8,10,10,3980,2000,18,1.8,157,2836,35385,0.09308224,0.04765212,48
pencil-highres-4000x2020-dpi96-S200-P0.5-N1-scale10-transparent.png,10,18,1.8,10,10,3980,2000,18,1.8,158,2854,35440,0.09158312,0.04683879,48
pencil-highres-4000x2020-dpi96-S200-P0.5-N1-scale10-transparent.png,10,18,1.8,10,10,3980,2000,18,1.8,159,2872,35448,0.09123366,0.0462017,47
pencil-highres-4000x2020-dpi96-S200-P0.5-N1-scale10-transparent.png,10,18,1.8,10,10,3980,2000,18,1.8,160,2890,35434,0.08925251,0.04528138,47
pencil-highres-4000x2020-dpi96-S200-P0.5-N1-scale10-transparent.png,10,18,1.8,10,10,3980,2000,18,1.8,161,2908,35423,0.08754978,0.0445552,45
pencil-highres-4000x2020-dpi96-S200-P0.5-N1-scale10-transparent.png,10,18,1.8,10,10,3980,2000,18,1.8,162,2926,35259,0.08412919,0.04382447,44
pencil-highres-4000x2020-dpi96-S200-P0.5-N1-scale10-transparent.png,10,18,1.8,10,10,3980,2000,18,1.8,163,2944,35359,0.08348682,0.04332822,44
pencil-highres-4000x2020-dpi96-S200-P0.5-N1-scale10-transparent.png,10,18,1.8,10,10,3980,2000,18,1.8,164,2962,35416,0.0816671,0.0427025,43
pencil-highres-4000x2020-dpi96-S200-P0.5-N1-scale10-transparent.png,10,18,1.8,10,10,3980,2000,18,1.8,165,2980,35403,0.0790768,0.04198504,43
pencil-highres-4000x2020-dpi96-S200-P0.5-N1-scale10-transparent.png,10,18,1.8,10,10,3980,2000,18,1.8,166,2998,35236,0.07571874,0.04092717,42
pencil-highres-4000x2020-dpi96-S200-P0.5-N1-scale10-transparent.png,10,18,1.8,10,10,3980,2000,18,1.8,167,3016,35218,0.07414739,0.04032974,42
pencil-highres-4000x2020-dpi96-S200-P0.5-N1-scale10-transparent.png,10,18,1.8,10,10,3980,2000,18,1.8,168,3034,35348,0.07353431,0.03979819,39
pencil-highres-4000x2020-dpi96-S200-P0.5-N1-scale10-transparent.png,10,18,1.8,10,10,3980,2000,18,1.8,169,3052,35261,0.07165871,0.03871752,39
pencil-highres-4000x2020-dpi96-S200-P0.5-N1-scale10-transparent.png,10,18,1.8,10,10,3980,2000,18,1.8,170,3070,35151,0.06933856,0.03788478,38
pencil-highres-4000x2020-dpi96-S200-P0.5-N1-scale10-transparent.png,10,18,1.8,10,10,3980,2000,18,1.8,171,3088,35235,0.06814412,0.03697805,37
pencil-highres-4000x2020-dpi96-S200-P0.5-N1-scale10-transparent.png,10,18,1.8,10,10,3980,2000,18,1.8,172,3106,34993,0.06524423,0.03629312,36
pencil-highres-4000x2020-dpi96-S200-P0.5-N1-scale10-transparent.png,10,18,1.8,10,10,3980,2000,18,1.8,173,3124,34986,0.06246558,0.03521819,34
pencil-highres-4000x2020-dpi96-S200-P0.5-N1-scale10-transparent.png,10,18,1.8,10,10,3980,2000,18,1.8,174,3142,34820,0.06081732,0.03494873,33
pencil-highres-4000x2020-dpi96-S200-P0.5-N1-scale10-transparent.png,10,18,1.8,10,10,3980,2000,18,1.8,175,3160,34879,0.05977919,0.0342013,33
pencil-highres-4000x2020-dpi96-S200-P0.5-N1-scale10-transparent.png,10,18,1.8,10,10,3980,2000,18,1.8,176,3178,34835,0.0584829,0.03385059,32
pencil-highres-4000x2020-dpi96-S200-P0.5-N1-scale10-transparent.png,10,18,1.8,10,10,3980,2000,18,1.8,177,3196,34713,0.05683464,0.03317161,32
pencil-highres-4000x2020-dpi96-S200-P0.5-N1-scale10-transparent.png,10,18,1.8,10,10,3980,2000,18,1.8,178,3214,34563,0.05425861,0.03195438,31
pencil-highres-4000x2020-dpi96-S200-P0.5-N1-scale10-transparent.png,10,18,1.8,10,10,3980,2000,18,1.8,179,3232,34273,0.05095381,0.03063068,32
pencil-highres-4000x2020-dpi96-S200-P0.5-N1-scale10-transparent.png,10,18,1.8,10,10,3980,2000,18,1.8,180,3250,34125,0.04920795,0.02988028,29
pencil-highres-4000x2020-dpi96-S200-P0.5-N1-scale10-transparent.png,10,18,1.8,10,10,3980,2000,18,1.8,181,3268,33846,0.04733932,0.02893731,27
pencil-highres-4000x2020-dpi96-S200-P0.5-N1-scale10-transparent.png,10,18,1.8,10,10,3980,2000,18,1.8,182,3286,33615,0.04551808,0.02836718,26
pencil-highres-4000x2020-dpi96-S200-P0.5-N1-scale10-transparent.png,10,18,1.8,10,10,3980,2000,18,1.8,183,3304,33528,0.04457778,0.02800966,26
pencil-highres-4000x2020-dpi96-S200-P0.5-N1-scale10-transparent.png,10,18,1.8,10,10,3980,2000,18,1.8,184,3322,33407,0.04275327,0.027243,25
pencil-highres-4000x2020-dpi96-S200-P0.5-N1-scale10-transparent.png,10,18,1.8,10,10,3980,2000,18,1.8,185,3340,33089,0.04120436,0.02664893,25
pencil-highres-4000x2020-dpi96-S200-P0.5-N1-scale10-transparent.png,10,18,1.8,10,10,3980,2000,18,1.8,186,3358,32604,0.03844858,0.02551446,25
pencil-highres-4000x2020-dpi96-S200-P0.5-N1-scale10-transparent.png,10,18,1.8,10,10,3980,2000,18,1.8,187,3376,32335,0.03662974,0.02471512,23
pencil-highres-4000x2020-dpi96-S200-P0.5-N1-scale10-transparent.png,10,18,1.8,10,10,3980,2000,18,1.8,188,3394,32202,0.03476917,0.0235939,23
pencil-highres-4000x2020-dpi96-S200-P0.5-N1-scale10-transparent.png,10,18,1.8,10,10,3980,2000,18,1.8,189,3412,31780,0.0327805,0.0226795,22
pencil-highres-4000x2020-dpi96-S200-P0.5-N1-scale10-transparent.png,10,18,1.8,10,10,3980,2000,18,1.8,190,3430,31563,0.03020087,0.02117423,22
pencil-highres-4000x2020-dpi96-S200-P0.5-N1-scale10-transparent.png,10,18,1.8,10,10,3980,2000,18,1.8,191,3448,31088,0.02834989,0.02008205,20
pencil-highres-4000x2020-dpi96-S200-P0.5-N1-scale10-transparent.png,10,18,1.8,10,10,3980,2000,18,1.8,192,3466,31007,0.0275902,0.01984717,18
pencil-highres-4000x2020-dpi96-S200-P0.5-N1-scale10-transparent.png,10,18,1.8,10,10,3980,2000,18,1.8,193,3484,30544,0.02621242,0.01896719,18
pencil-highres-4000x2020-dpi96-S200-P0.5-N1-scale10-transparent.png,10,18,1.8,10,10,3980,2000,18,1.8,194,3502,30096,0.02452941,0.01824575,17
pencil-highres-4000x2020-dpi96-S200-P0.5-N1-scale10-transparent.png,10,18,1.8,10,10,3980,2000,18,1.8,195,3520,29741,0.0234427,0.0176184,17
pencil-highres-4000x2020-dpi96-S200-P0.5-N1-scale10-transparent.png,10,18,1.8,10,10,3980,2000,18,1.8,196,3538,29155,0.02147756,0.01663956,15
pencil-highres-4000x2020-dpi96-S200-P0.5-N1-scale10-transparent.png,10,18,1.8,10,10,3980,2000,18,1.8,197,3556,28648,0.0197695,0.01566263,15
pencil-highres-4000x2020-dpi96-S200-P0.5-N1-scale10-transparent.png,10,18,1.8,10,10,3980,2000,18,1.8,198,3574,28125,0.01819466,0.01479439,15
pencil-highres-4000x2020-dpi96-S200-P0.5-N1-scale10-transparent.png,10,18,1.8,10,10,3980,2000,18,1.8,199,3592,27771,0.01708704,0.01403111,15
pencil-highres-4000x2020-dpi96-S200-P0.5-N1-scale10-transparent.png,10,18,1.8,10,10,3980,2000,18,1.8,200,3610,27235,0.01593834,0.01315395,13
pencil-highres-4000x2020-dpi96-S200-P0.5-N1-scale10-transparent.png,10,18,1.8,10,10,3980,2000,18,1.8,201,3628,26703,0.01467702,0.01214538,12
pencil-highres-4000x2020-dpi96-S200-P0.5-N1-scale10-transparent.png,10,18,1.8,10,10,3980,2000,18,1.8,202,3646,26224,0.01334728,0.01135362,10
pencil-highres-4000x2020-dpi96-S200-P0.5-N1-scale10-transparent.png,10,18,1.8,10,10,3980,2000,18,1.8,203,3664,25396,0.01193638,0.01057202,10
pencil-highres-4000x2020-dpi96-S200-P0.5-N1-scale10-transparent.png,10,18,1.8,10,10,3980,2000,18,1.8,204,3682,24765,0.01099967,0.01003878,9
pencil-highres-4000x2020-dpi96-S200-P0.5-N1-scale10-transparent.png,10,18,1.8,10,10,3980,2000,18,1.8,205,3700,24297,0.01014172,0.00951906,9
pencil-highres-4000x2020-dpi96-S200-P0.5-N1-scale10-transparent.png,10,18,1.8,10,10,3980,2000,18,1.8,206,3718,23545,0.00901285,0.00879422,9
pencil-highres-4000x2020-dpi96-S200-P0.5-N1-scale10-transparent.png,10,18,1.8,10,10,3980,2000,18,1.8,207,3736,22745,0.00835,0.00837825,8
pencil-highres-4000x2020-dpi96-S200-P0.5-N1-scale10-transparent.png,10,18,1.8,10,10,3980,2000,18,1.8,208,3754,22038,0.00739837,0.00760639,8
pencil-highres-4000x2020-dpi96-S200-P0.5-N1-scale10-transparent.png,10,18,1.8,10,10,3980,2000,18,1.8,209,3772,21155,0.00654935,0.0069096,8
pencil-highres-4000x2020-dpi96-S200-P0.5-N1-scale10-transparent.png,10,18,1.8,10,10,3980,2000,18,1.8,210,3790,20076,0.00541002,0.00592619,7
pencil-highres-4000x2020-dpi96-S200-P0.5-N1-scale10-transparent.png,10,18,1.8,10,10,3980,2000,18,1.8,211,3808,19163,0.00449684,0.0048465,6
pencil-highres-4000x2020-dpi96-S200-P0.5-N1-scale10-transparent.png,10,18,1.8,10,10,3980,2000,18,1.8,212,3826,18151,0.00399564,0.00451298,4
pencil-highres-4000x2020-dpi96-S200-P0.5-N1-scale10-transparent.png,10,18,1.8,10,10,3980,2000,18,1.8,213,3844,16774,0.00349009,0.00423241,4
pencil-highres-4000x2020-dpi96-S200-P0.5-N1-scale10-transparent.png,10,18,1.8,10,10,3980,2000,18,1.8,214,3862,15495,0.00289978,0.00374641,4
pencil-highres-4000x2020-dpi96-S200-P0.5-N1-scale10-transparent.png,10,18,1.8,10,10,3980,2000,18,1.8,215,3880,13779,0.00241307,0.00341907,4
pencil-highres-4000x2020-dpi96-S200-P0.5-N1-scale10-transparent.png,10,18,1.8,10,10,3980,2000,18,1.8,216,3898,12332,0.00204466,0.0031394,3
pencil-highres-4000x2020-dpi96-S200-P0.5-N1-scale10-transparent.png,10,18,1.8,10,10,3980,2000,18,1.8,217,3916,10836,0.00168083,0.0027948,3
pencil-highres-4000x2020-dpi96-S200-P0.5-N1-scale10-transparent.png,10,18,1.8,10,10,3980,2000,18,1.8,218,3934,8734,0.00124924,0.00238762,3
pencil-highres-4000x2020-dpi96-S200-P0.5-N1-scale10-transparent.png,10,18,1.8,10,10,3980,2000,18,1.8,219,3952,6699,0.00090196,0.00201955,3
pencil-highres-4000x2020-dpi96-S200-P0.5-N1-scale10-transparent.png,10,18,1.8,10,10,3980,2000,18,1.8,220,3970,3483,0.00041852,0.00133147,2
pencil-highres-4000x2020-dpi96-S200-P0.5-N1-scale10-transparent.png,10,18,1.8,10,10,3980,2000,18,1.8,221,3988,141,0.0001598,0.00087767,2
pencil-highres-3200x1616-dpi96-S200-P0.5-N1-scale8-transparent.png,8,14,1.75,8,8,3184,1600,14,1.75,0,8,1929,0.00038901,0.00133286,2
pencil-highres-3200x1616-dpi96-S200-P0.5-N1-scale8-transparent.png,8,14,1.75,8,8,3184,1600,14,1.75,1,22,3725,0.00078939,0.00188425,3
pencil-highres-3200x1616-dpi96-S200-P0.5-N1-scale8-transparent.png,8,14,1.75,8,8,3184,1600,14,1.75,2,36,5511,0.00124965,0.0023729,3
pencil-highres-3200x1616-dpi96-S200-P0.5-N1-scale8-transparent.png,8,14,1.75,8,8,3184,1600,14,1.75,3,50,6418,0.00157563,0.00270934,3
pencil-highres-3200x1616-dpi96-S200-P0.5-N1-scale8-transparent.png,8,14,1.75,8,8,3184,1600,14,1.75,4,64,7573,0.00188585,0.00289267,3
pencil-highres-3200x1616-dpi96-S200-P0.5-N1-scale8-transparent.png,8,14,1.75,8,8,3184,1600,14,1.75,5,78,8386,0.00230602,0.00331996,4
pencil-highres-3200x1616-dpi96-S200-P0.5-N1-scale8-transparent.png,8,14,1.75,8,8,3184,1600,14,1.75,6,92,9572,0.00287973,0.00372844,4
pencil-highres-3200x1616-dpi96-S200-P0.5-N1-scale8-transparent.png,8,14,1.75,8,8,3184,1600,14,1.75,7,106,10379,0.00339041,0.00412074,4
pencil-highres-3200x1616-dpi96-S200-P0.5-N1-scale8-transparent.png,8,14,1.75,8,8,3184,1600,14,1.75,8,120,11100,0.00394468,0.00450518,4
pencil-highres-3200x1616-dpi96-S200-P0.5-N1-scale8-transparent.png,8,14,1.75,8,8,3184,1600,14,1.75,9,134,11832,0.00436257,0.00472145,4
pencil-highres-3200x1616-dpi96-S200-P0.5-N1-scale8-transparent.png,8,14,1.75,8,8,3184,1600,14,1.75,10,148,12240,0.00486712,0.0053409,6
pencil-highres-3200x1616-dpi96-S200-P0.5-N1-scale8-transparent.png,8,14,1.75,8,8,3184,1600,14,1.75,11,162,12798,0.00582983,0.00631932,7
pencil-highres-3200x1616-dpi96-S200-P0.5-N1-scale8-transparent.png,8,14,1.75,8,8,3184,1600,14,1.75,12,176,13450,0.00679184,0.00711613,8
pencil-highres-3200x1616-dpi96-S200-P0.5-N1-scale8-transparent.png,8,14,1.75,8,8,3184,1600,14,1.75,13,190,13888,0.00763971,0.0078256,8
pencil-highres-3200x1616-dpi96-S200-P0.5-N1-scale8-transparent.png,8,14,1.75,8,8,3184,1600,14,1.75,14,204,14383,0.0088237,0.00869027,9
pencil-highres-3200x1616-dpi96-S200-P0.5-N1-scale8-transparent.png,8,14,1.75,8,8,3184,1600,14,1.75,15,218,14884,0.00976278,0.00923784,9
pencil-highres-3200x1616-dpi96-S200-P0.5-N1-scale8-transparent.png,8,14,1.75,8,8,3184,1600,14,1.75,16,232,15339,0.01092507,0.00997295,9
pencil-highres-3200x1616-dpi96-S200-P0.5-N1-scale8-transparent.png,8,14,1.75,8,8,3184,1600,14,1.75,17,246,15773,0.01166527,0.01044762,10
pencil-highres-3200x1616-dpi96-S200-P0.5-N1-scale8-transparent.png,8,14,1.75,8,8,3184,1600,14,1.75,18,260,16030,0.01258316,0.01103171,10
pencil-highres-3200x1616-dpi96-S200-P0.5-N1-scale8-transparent.png,8,14,1.75,8,8,3184,1600,14,1.75,19,274,16433,0.01377504,0.01156627,11
pencil-highres-3200x1616-dpi96-S200-P0.5-N1-scale8-transparent.png,8,14,1.75,8,8,3184,1600,14,1.75,20,288,16678,0.01470028,0.01227047,13
pencil-highres-3200x1616-dpi96-S200-P0.5-N1-scale8-transparent.png,8,14,1.75,8,8,3184,1600,14,1.75,21,302,16914,0.01588971,0.01324732,14
pencil-highres-3200x1616-dpi96-S200-P0.5-N1-scale8-transparent.png,8,14,1.75,8,8,3184,1600,14,1.75,22,316,17200,0.01708648,0.01421772,14
pencil-highres-3200x1616-dpi96-S200-P0.5-N1-scale8-transparent.png,8,14,1.75,8,8,3184,1600,14,1.75,23,330,17599,0.01876068,0.01526558,15
pencil-highres-3200x1616-dpi96-S200-P0.5-N1-scale8-transparent.png,8,14,1.75,8,8,3184,1600,14,1.75,24,344,17930,0.02052959,0.01616045,16
pencil-highres-3200x1616-dpi96-S200-P0.5-N1-scale8-transparent.png,8,14,1.75,8,8,3184,1600,14,1.75,25,358,18276,0.02188323,0.01687516,16
pencil-highres-3200x1616-dpi96-S200-P0.5-N1-scale8-transparent.png,8,14,1.75,8,8,3184,1600,14,1.75,26,372,18498,0.02338673,0.01767488,17
pencil-highres-3200x1616-dpi96-S200-P0.5-N1-scale8-transparent.png,8,14,1.75,8,8,3184,1600,14,1.75,27,386,18804,0.0249263,0.01832387,17
pencil-highres-3200x1616-dpi96-S200-P0.5-N1-scale8-transparent.png,8,14,1.75,8,8,3184,1600,14,1.75,28,400,19067,0.02627521,0.01902763,18
pencil-highres-3200x1616-dpi96-S200-P0.5-N1-scale8-transparent.png,8,14,1.75,8,8,3184,1600,14,1.75,29,414,19151,0.02689566,0.01922567,18
pencil-highres-3200x1616-dpi96-S200-P0.5-N1-scale8-transparent.png,8,14,1.75,8,8,3184,1600,14,1.75,30,428,19402,0.02862272,0.0201694,20
pencil-highres-3200x1616-dpi96-S200-P0.5-N1-scale8-transparent.png,8,14,1.75,8,8,3184,1600,14,1.75,31,442,19671,0.0311166,0.02155122,22
pencil-highres-3200x1616-dpi96-S200-P0.5-N1-scale8-transparent.png,8,14,1.75,8,8,3184,1600,14,1.75,32,456,19924,0.03335994,0.02287529,23
pencil-highres-3200x1616-dpi96-S200-P0.5-N1-scale8-transparent.png,8,14,1.75,8,8,3184,1600,14,1.75,33,470,20092,0.03532265,0.02391827,24
pencil-highres-3200x1616-dpi96-S200-P0.5-N1-scale8-transparent.png,8,14,1.75,8,8,3184,1600,14,1.75,34,484,20263,0.03684821,0.02453622,24
pencil-highres-3200x1616-dpi96-S200-P0.5-N1-scale8-transparent.png,8,14,1.75,8,8,3184,1600,14,1.75,35,498,20296,0.03774842,0.02504773,25
pencil-highres-3200x1616-dpi96-S200-P0.5-N1-scale8-transparent.png,8,14,1.75,8,8,3184,1600,14,1.75,36,512,20487,0.03980095,0.0260528,25
pencil-highres-3200x1616-dpi96-S200-P0.5-N1-scale8-transparent.png,8,14,1.75,8,8,3184,1600,14,1.75,37,526,20591,0.04157686,0.02680329,26
pencil-highres-3200x1616-dpi96-S200-P0.5-N1-scale8-transparent.png,8,14,1.75,8,8,3184,1600,14,1.75,38,540,20732,0.04317017,0.02748912,27
pencil-highres-3200x1616-dpi96-S200-P0.5-N1-scale8-transparent.png,8,14,1.75,8,8,3184,1600,14,1.75,39,554,20953,0.04577766,0.02853397,27
pencil-highres-3200x1616-dpi96-S200-P0.5-N1-scale8-transparent.png,8,14,1.75,8,8,3184,1600,14,1.75,40,568,21103,0.04747917,0.02912901,27
pencil-highres-3200x1616-dpi96-S200-P0.5-N1-scale8-transparent.png,8,14,1.75,8,8,3184,1600,14,1.75,41,582,21265,0.05023617,0.03038859,30
pencil-highres-3200x1616-dpi96-S200-P0.5-N1-scale8-transparent.png,8,14,1.75,8,8,3184,1600,14,1.75,42,596,21239,0.05152696,0.03139161,31
pencil-highres-3200x1616-dpi96-S200-P0.5-N1-scale8-transparent.png,8,14,1.75,8,8,3184,1600,14,1.75,43,610,21501,0.0537619,0.0323591,32
pencil-highres-3200x1616-dpi96-S200-P0.5-N1-scale8-transparent.png,8,14,1.75,8,8,3184,1600,14,1.75,44,624,21599,0.0561791,0.03330407,33
pencil-highres-3200x1616-dpi96-S200-P0.5-N1-scale8-transparent.png,8,14,1.75,8,8,3184,1600,14,1.75,45,638,21574,0.05776366,0.03437777,33
pencil-highres-3200x1616-dpi96-S200-P0.5-N1-scale8-transparent.png,8,14,1.75,8,8,3184,1600,14,1.75,46,652,21622,0.0586917,0.03467033,34
pencil-highres-3200x1616-dpi96-S200-P0.5-N1-scale8-transparent.png,8,14,1.75,8,8,3184,1600,14,1.75,47,666,21680,0.06027609,0.03556195,34
pencil-highres-3200x1616-dpi96-S200-P0.5-N1-scale8-transparent.png,8,14,1.75,8,8,3184,1600,14,1.75,48,680,21781,0.06333754,0.03667662,34
pencil-highres-3200x1616-dpi96-S200-P0.5-N1-scale8-transparent.png,8,14,1.75,8,8,3184,1600,14,1.75,49,694,21883,0.06582528,0.03730206,34
pencil-highres-3200x1616-dpi96-S200-P0.5-N1-scale8-transparent.png,8,14,1.75,8,8,3184,1600,14,1.75,50,708,21884,0.06720728,0.03772558,35
pencil-highres-3200x1616-dpi96-S200-P0.5-N1-scale8-transparent.png,8,14,1.75,8,8,3184,1600,14,1.75,51,722,21982,0.06999142,0.03857169,37
pencil-highres-3200x1616-dpi96-S200-P0.5-N1-scale8-transparent.png,8,14,1.75,8,8,3184,1600,14,1.75,52,736,21965,0.07138568,0.03962067,38
pencil-highres-3200x1616-dpi96-S200-P0.5-N1-scale8-transparent.png,8,14,1.75,8,8,3184,1600,14,1.75,53,750,22074,0.07363235,0.04045122,40
pencil-highres-3200x1616-dpi96-S200-P0.5-N1-scale8-transparent.png,8,14,1.75,8,8,3184,1600,14,1.75,54,764,22022,0.07388918,0.04081975,40
pencil-highres-3200x1616-dpi96-S200-P0.5-N1-scale8-transparent.png,8,14,1.75,8,8,3184,1600,14,1.75,55,778,22054,0.07628554,0.04173275,41
pencil-highres-3200x1616-dpi96-S200-P0.5-N1-scale8-transparent.png,8,14,1.75,8,8,3184,1600,14,1.75,56,792,22116,0.07965406,0.04257104,41
pencil-highres-3200x1616-dpi96-S200-P0.5-N1-scale8-transparent.png,8,14,1.75,8,8,3184,1600,14,1.75,57,806,22215,0.08227363,0.04337405,42
pencil-highres-3200x1616-dpi96-S200-P0.5-N1-scale8-transparent.png,8,14,1.75,8,8,3184,1600,14,1.75,58,820,22211,0.08366789,0.04371147,42
pencil-highres-3200x1616-dpi96-S200-P0.5-N1-scale8-transparent.png,8,14,1.75,8,8,3184,1600,14,1.75,59,834,22180,0.08484699,0.04388926,43
pencil-highres-3200x1616-dpi96-S200-P0.5-N1-scale8-transparent.png,8,14,1.75,8,8,3184,1600,14,1.75,60,848,22149,0.08519555,0.04421108,43
pencil-highres-3200x1616-dpi96-S200-P0.5-N1-scale8-transparent.png,8,14,1.75,8,8,3184,1600,14,1.75,61,862,22099,0.08705445,0.04470644,43
pencil-highres-3200x1616-dpi96-S200-P0.5-N1-scale8-transparent.png,8,14,1.75,8,8,3184,1600,14,1.75,62,876,22099,0.08888043,0.0457416,45
pencil-highres-3200x1616-dpi96-S200-P0.5-N1-scale8-transparent.png,8,14,1.75,8,8,3184,1600,14,1.75,63,890,22126,0.09085032,0.04647313,47
pencil-highres-3200x1616-dpi96-S200-P0.5-N1-scale8-transparent.png,8,14,1.75,8,8,3184,1600,14,1.75,64,904,22226,0.09400403,0.04719923,47
pencil-highres-3200x1616-dpi96-S200-P0.5-N1-scale8-transparent.png,8,14,1.75,8,8,3184,1600,14,1.75,65,918,22149,0.09560539,0.04785687,48
pencil-highres-3200x1616-dpi96-S200-P0.5-N1-scale8-transparent.png,8,14,1.75,8,8,3184,1600,14,1.75,66,932,22194,0.09772724,0.04870012,48
pencil-highres-3200x1616-dpi96-S200-P0.5-N1-scale8-transparent.png,8,14,1.75,8,8,3184,1600,14,1.75,67,946,22095,0.09758806,0.04936076,48
pencil-highres-3200x1616-dpi96-S200-P0.5-N1-scale8-transparent.png,8,14,1.75,8,8,3184,1600,14,1.75,68,960,22041,0.10003309,0.04985216,50
pencil-highres-3200x1616-dpi96-S200-P0.5-N1-scale8-transparent.png,8,14,1.75,8,8,3184,1600,14,1.75,69,974,22173,0.10180777,0.05032782,51
pencil-highres-3200x1616-dpi96-S200-P0.5-N1-scale8-transparent.png,8,14,1.75,8,8,3184,1600,14,1.75,70,988,22144,0.10272479,0.05126852,51
pencil-highres-3200x1616-dpi96-S200-P0.5-N1-scale8-transparent.png,8,14,1.75,8,8,3184,1600,14,1.75,71,1002,22097,0.1024256,0.05135806,52
pencil-highres-3200x1616-dpi96-S200-P0.5-N1-scale8-transparent.png,8,14,1.75,8,8,3184,1600,14,1.75,72,1016,22044,0.10368522,0.05256834,54
pencil-highres-3200x1616-dpi96-S200-P0.5-N1-scale8-transparent.png,8,14,1.75,8,8,3184,1600,14,1.75,73,1030,22083,0.10743067,0.05381649,54
pencil-highres-3200x1616-dpi96-S200-P0.5-N1-scale8-transparent.png,8,14,1.75,8,8,3184,1600,14,1.75,74,1044,22138,0.10947952,0.05433071,56
pencil-highres-3200x1616-dpi96-S200-P0.5-N1-scale8-transparent.png,8,14,1.75,8,8,3184,1600,14,1.75,75,1058,22084,0.1099382,0.05497397,56
pencil-highres-3200x1616-dpi96-S200-P0.5-N1-scale8-transparent.png,8,14,1.75,8,8,3184,1600,14,1.75,76,1072,22105,0.11294555,0.05554426,56
pencil-highres-3200x1616-dpi96-S200-P0.5-N1-scale8-transparent.png,8,14,1.75,8,8,3184,1600,14,1.75,77,1086,22042,0.11235207,0.0562906,56
pencil-highres-3200x1616-dpi96-S200-P0.5-N1-scale8-transparent.png,8,14,1.75,8,8,3184,1600,14,1.75,78,1100,22159,0.11368557,0.05665398,56
pencil-highres-3200x1616-dpi96-S200-P0.5-N1-scale8-transparent.png,8,14,1.75,8,8,3184,1600,14,1.75,79,1114,22015,0.11264513,0.05678609,58
pencil-highres-3200x1616-dpi96-S200-P0.5-N1-scale8-transparent.png,8,14,1.75,8,8,3184,1600,14,1.75,80,1128,22069,0.11415966,0.05725499,59
pencil-highres-3200x1616-dpi96-S200-P0.5-N1-scale8-transparent.png,8,14,1.75,8,8,3184,1600,14,1.75,81,1142,22099,0.11729342,0.05786081,58
pencil-highres-3200x1616-dpi96-S200-P0.5-N1-scale8-transparent.png,8,14,1.75,8,8,3184,1600,14,1.75,82,1156,22227,0.11973354,0.05888297,61
pencil-highres-3200x1616-dpi96-S200-P0.5-N1-scale8-transparent.png,8,14,1.75,8,8,3184,1600,14,1.75,83,1170,22156,0.12012885,0.05979488,62
pencil-highres-3200x1616-dpi96-S200-P0.5-N1-scale8-transparent.png,8,14,1.75,8,8,3184,1600,14,1.75,84,1184,22145,0.12032265,0.06001526,62
pencil-highres-3200x1616-dpi96-S200-P0.5-N1-scale8-transparent.png,8,14,1.75,8,8,3184,1600,14,1.75,85,1198,22132,0.12053992,0.06077232,62
pencil-highres-3200x1616-dpi96-S200-P0.5-N1-scale8-transparent.png,8,14,1.75,8,8,3184,1600,14,1.75,86,1212,22070,0.12212237,0.06182922,62
pencil-highres-3200x1616-dpi96-S200-P0.5-N1-scale8-transparent.png,8,14,1.75,8,8,3184,1600,14,1.75,87,1226,22140,0.12255357,0.06274624,62
pencil-highres-3200x1616-dpi96-S200-P0.5-N1-scale8-transparent.png,8,14,1.75,8,8,3184,1600,14,1.75,88,1240,22170,0.12444258,0.0633311,63
pencil-highres-3200x1616-dpi96-S200-P0.5-N1-scale8-transparent.png,8,14,1.75,8,8,3184,1600,14,1.75,89,1254,22191,0.12683508,0.06376337,63
pencil-highres-3200x1616-dpi96-S200-P0.5-N1-scale8-transparent.png,8,14,1.75,8,8,3184,1600,14,1.75,90,1268,22137,0.12727766,0.06413696,63
pencil-highres-3200x1616-dpi96-S200-P0.5-N1-scale8-transparent.png,8,14,1.75,8,8,3184,1600,14,1.75,91,1282,22153,0.12808718,0.06458407,64
pencil-highres-3200x1616-dpi96-S200-P0.5-N1-scale8-transparent.png,8,14,1.75,8,8,3184,1600,14,1.75,92,1296,22012,0.12595466,0.06459745,65
pencil-highres-3200x1616-dpi96-S200-P0.5-N1-scale8-transparent.png,8,14,1.75,8,8,3184,1600,14,1.75,93,1310,22054,0.12826768,0.06561729,65
pencil-highres-3200x1616-dpi96-S200-P0.5-N1-scale8-transparent.png,8,14,1.75,8,8,3184,1600,14,1.75,94,1324,22105,0.12889758,0.06611311,65
pencil-highres-3200x1616-dpi96-S200-P0.5-N1-scale8-transparent.png,8,14,1.75,8,8,3184,1600,14,1.75,95,1338,22117,0.12880882,0.06691769,66
pencil-highres-3200x1616-dpi96-S200-P0.5-N1-scale8-transparent.png,8,14,1.75,8,8,3184,1600,14,1.75,96,1352,22088,0.12674492,0.06658408,66
pencil-highres-3200x1616-dpi96-S200-P0.5-N1-scale8-transparent.png,8,14,1.75,8,8,3184,1600,14,1.75,97,1366,22021,0.12720886,0.06756779,66
pencil-highres-3200x1616-dpi96-S200-P0.5-N1-scale8-transparent.png,8,14,1.75,8,8,3184,1600,14,1.75,98,1380,22086,0.13042209,0.0686172,66
pencil-highres-3200x1616-dpi96-S200-P0.5-N1-scale8-transparent.png,8,14,1.75,8,8,3184,1600,14,1.75,99,1394,22107,0.13130165,0.06822638,68
pencil-highres-3200x1616-dpi96-S200-P0.5-N1-scale8-transparent.png,8,14,1.75,8,8,3184,1600,14,1.75,100,1408,22082,0.13048092,0.06828421,67
pencil-highres-3200x1616-dpi96-S200-P0.5-N1-scale8-transparent.png,8,14,1.75,8,8,3184,1600,14,1.75,101,1422,22086,0.13273354,0.0684852,67
pencil-highres-3200x1616-dpi96-S200-P0.5-N1-scale8-transparent.png,8,14,1.75,8,8,3184,1600,14,1.75,102,1436,22025,0.13059191,0.06828526,66
pencil-highres-3200x1616-dpi96-S200-P0.5-N1-scale8-transparent.png,8,14,1.75,8,8,3184,1600,14,1.75,103,1450,22106,0.13077468,0.06864304,69
pencil-highres-3200x1616-dpi96-S200-P0.5-N1-scale8-transparent.png,8,14,1.75,8,8,3184,1600,14,1.75,104,1464,22031,0.12933771,0.06864319,68
pencil-highres-3200x1616-dpi96-S200-P0.5-N1-scale8-transparent.png,8,14,1.75,8,8,3184,1600,14,1.75,105,1478,22042,0.13052258,0.06940621,67
pencil-highres-3200x1616-dpi96-S200-P0.5-N1-scale8-transparent.png,8,14,1.75,8,8,3184,1600,14,1.75,106,1492,22042,0.13334384,0.07043855,68
pencil-highres-3200x1616-dpi96-S200-P0.5-N1-scale8-transparent.png,8,14,1.75,8,8,3184,1600,14,1.75,107,1506,22186,0.13486747,0.07083947,70
pencil-highres-3200x1616-dpi96-S200-P0.5-N1-scale8-transparent.png,8,14,1.75,8,8,3184,1600,14,1.75,108,1520,22119,0.13304814,0.07050373,69
pencil-highres-3200x1616-dpi96-S200-P0.5-N1-scale8-transparent.png,8,14,1.75,8,8,3184,1600,14,1.75,109,1534,22121,0.13191124,0.06955903,69
pencil-highres-3200x1616-dpi96-S200-P0.5-N1-scale8-transparent.png,8,14,1.75,8,8,3184,1600,14,1.75,110,1548,22068,0.1309284,0.06936149,69
pencil-highres-3200x1616-dpi96-S200-P0.5-N1-scale8-transparent.png,8,14,1.75,8,8,3184,1600,14,1.75,111,1562,22067,0.13161012,0.06937693,69
pencil-highres-3200x1616-dpi96-S200-P0.5-N1-scale8-transparent.png,8,14,1.75,8,8,3184,1600,14,1.75,112,1576,22054,0.12989233,0.06882929,68
pencil-highres-3200x1616-dpi96-S200-P0.5-N1-scale8-transparent.png,8,14,1.75,8,8,3184,1600,14,1.75,113,1590,22119,0.13189968,0.06924876,69
pencil-highres-3200x1616-dpi96-S200-P0.5-N1-scale8-transparent.png,8,14,1.75,8,8,3184,1600,14,1.75,114,1604,22129,0.13275315,0.06934451,67
pencil-highres-3200x1616-dpi96-S200-P0.5-N1-scale8-transparent.png,8,14,1.75,8,8,3184,1600,14,1.75,115,1618,22112,0.1334333,0.06997302,67
pencil-highres-3200x1616-dpi96-S200-P0.5-N1-scale8-transparent.png,8,14,1.75,8,8,3184,1600,14,1.75,116,1632,22059,0.13315196,0.07039446,68
pencil-highres-3200x1616-dpi96-S200-P0.5-N1-scale8-transparent.png,8,14,1.75,8,8,3184,1600,14,1.75,117,1646,21929,0.13106495,0.07034614,68
pencil-highres-3200x1616-dpi96-S200-P0.5-N1-scale8-transparent.png,8,14,1.75,8,8,3184,1600,14,1.75,118,1660,22093,0.13288288,0.07053766,67
pencil-highres-3200x1616-dpi96-S200-P0.5-N1-scale8-transparent.png,8,14,1.75,8,8,3184,1600,14,1.75,119,1674,22082,0.13303414,0.0703926,68
pencil-highres-3200x1616-dpi96-S200-P0.5-N1-scale8-transparent.png,8,14,1.75,8,8,3184,1600,14,1.75,120,1688,22086,0.13189986,0.07013802,69
pencil-highres-3200x1616-dpi96-S200-P0.5-N1-scale8-transparent.png,8,14,1.75,8,8,3184,1600,14,1.75,121,1702,22042,0.12941474,0.06923649,69
pencil-highres-3200x1616-dpi96-S200-P0.5-N1-scale8-transparent.png,8,14,1.75,8,8,3184,1600,14,1.75,122,1716,22031,0.12965424,0.06933274,69
pencil-highres-3200x1616-dpi96-S200-P0.5-N1-scale8-transparent.png,8,14,1.75,8,8,3184,1600,14,1.75,123,1730,22035,0.13173057,0.06964325,69
pencil-highres-3200x1616-dpi96-S200-P0.5-N1-scale8-transparent.png,8,14,1.75,8,8,3184,1600,14,1.75,124,1744,22059,0.13160942,0.06847219,69
pencil-highres-3200x1616-dpi96-S200-P0.5-N1-scale8-transparent.png,8,14,1.75,8,8,3184,1600,14,1.75,125,1758,21991,0.13079884,0.06839762,66
pencil-highres-3200x1616-dpi96-S200-P0.5-N1-scale8-transparent.png,8,14,1.75,8,8,3184,1600,14,1.75,126,1772,22058,0.13233561,0.06828876,67
pencil-highres-3200x1616-dpi96-S200-P0.5-N1-scale8-transparent.png,8,14,1.75,8,8,3184,1600,14,1.75,127,1786,22001,0.12981355,0.06801559,66
pencil-highres-3200x1616-dpi96-S200-P0.5-N1-scale8-transparent.png,8,14,1.75,8,8,3184,1600,14,1.75,128,1800,22073,0.12872882,0.06763762,66
pencil-highres-3200x1616-dpi96-S200-P0.5-N1-scale8-transparent.png,8,14,1.75,8,8,3184,1600,14,1.75,129,1814,22005,0.12771726,0.06718958,68
pencil-highres-3200x1616-dpi96-S200-P0.5-N1-scale8-transparent.png,8,14,1.75,8,8,3184,1600,14,1.75,130,1828,22047,0.12860084,0.06713113,66
pencil-highres-3200x1616-dpi96-S200-P0.5-N1-scale8-transparent.png,8,14,1.75,8,8,3184,1600,14,1.75,131,1842,22031,0.13028571,0.06732464,67
pencil-highres-3200x1616-dpi96-S200-P0.5-N1-scale8-transparent.png,8,14,1.75,8,8,3184,1600,14,1.75,132,1856,22176,0.13117945,0.06704572,67
pencil-highres-3200x1616-dpi96-S200-P0.5-N1-scale8-transparent.png,8,14,1.75,8,8,3184,1600,14,1.75,133,1870,22067,0.12841597,0.06585223,65
pencil-highres-3200x1616-dpi96-S200-P0.5-N1-scale8-transparent.png,8,14,1.75,8,8,3184,1600,14,1.75,134,1884,22079,0.12627433,0.06456722,64
pencil-highres-3200x1616-dpi96-S200-P0.5-N1-scale8-transparent.png,8,14,1.75,8,8,3184,1600,14,1.75,135,1898,22067,0.12485819,0.06395935,62
pencil-highres-3200x1616-dpi96-S200-P0.5-N1-scale8-transparent.png,8,14,1.75,8,8,3184,1600,14,1.75,136,1912,22027,0.12559681,0.0642362,62
pencil-highres-3200x1616-dpi96-S200-P0.5-N1-scale8-transparent.png,8,14,1.75,8,8,3184,1600,14,1.75,137,1926,22038,0.12325368,0.06354651,61
pencil-highres-3200x1616-dpi96-S200-P0.5-N1-scale8-transparent.png,8,14,1.75,8,8,3184,1600,14,1.75,138,1940,22106,0.1248652,0.06378248,63
pencil-highres-3200x1616-dpi96-S200-P0.5-N1-scale8-transparent.png,8,14,1.75,8,8,3184,1600,14,1.75,139,1954,22108,0.12472321,0.06306207,61
pencil-highres-3200x1616-dpi96-S200-P0.5-N1-scale8-transparent.png,8,14,1.75,8,8,3184,1600,14,1.75,140,1968,22117,0.12452836,0.06268317,62
pencil-highres-3200x1616-dpi96-S200-P0.5-N1-scale8-transparent.png,8,14,1.75,8,8,3184,1600,14,1.75,141,1982,22036,0.12286099,0.06227311,62
pencil-highres-3200x1616-dpi96-S200-P0.5-N1-scale8-transparent.png,8,14,1.75,8,8,3184,1600,14,1.75,142,1996,21976,0.12008806,0.06119233,60
pencil-highres-3200x1616-dpi96-S200-P0.5-N1-scale8-transparent.png,8,14,1.75,8,8,3184,1600,14,1.75,143,2010,22086,0.12049772,0.06043438,61
pencil-highres-3200x1616-dpi96-S200-P0.5-N1-scale8-transparent.png,8,14,1.75,8,8,3184,1600,14,1.75,144,2024,22051,0.11916562,0.05988378,60
pencil-highres-3200x1616-dpi96-S200-P0.5-N1-scale8-transparent.png,8,14,1.75,8,8,3184,1600,14,1.75,145,2038,22051,0.11692017,0.05877337,58
pencil-highres-3200x1616-dpi96-S200-P0.5-N1-scale8-transparent.png,8,14,1.75,8,8,3184,1600,14,1.75,146,2052,21977,0.11413078,0.05815323,59
pencil-highres-3200x1616-dpi96-S200-P0.5-N1-scale8-transparent.png,8,14,1.75,8,8,3184,1600,14,1.75,147,2066,21972,0.11363165,0.0579395,58
pencil-highres-3200x1616-dpi96-S200-P0.5-N1-scale8-transparent.png,8,14,1.75,8,8,3184,1600,14,1.75,148,2080,22027,0.11430742,0.05767042,58
pencil-highres-3200x1616-dpi96-S200-P0.5-N1-scale8-transparent.png,8,14,1.75,8,8,3184,1600,14,1.75,149,2094,22068,0.11322759,0.05683473,56
pencil-highres-3200x1616-dpi96-S200-P0.5-N1-scale8-transparent.png,8,14,1.75,8,8,3184,1600,14,1.75,150,2108,21953,0.11161362,0.05613869,55
pencil-highres-3200x1616-dpi96-S200-P0.5-N1-scale8-transparent.png,8,14,1.75,8,8,3184,1600,14,1.75,151,2122,22058,0.11144118,0.05538844,56
pencil-highres-3200x1616-dpi96-S200-P0.5-N1-scale8-transparent.png,8,14,1.75,8,8,3184,1600,14,1.75,152,2136,21972,0.10794608,0.05446427,56
pencil-highres-3200x1616-dpi96-S200-P0.5-N1-scale8-transparent.png,8,14,1.75,8,8,3184,1600,14,1.75,153,2150,21984,0.10532721,0.0532675,55
pencil-highres-3200x1616-dpi96-S200-P0.5-N1-scale8-transparent.png,8,14,1.75,8,8,3184,1600,14,1.75,154,2164,21916,0.10388218,0.05277776,54
pencil-highres-3200x1616-dpi96-S200-P0.5-N1-scale8-transparent.png,8,14,1.75,8,8,3184,1600,14,1.75,155,2178,22016,0.10346761,0.05174523,53
pencil-highres-3200x1616-dpi96-S200-P0.5-N1-scale8-transparent.png,8,14,1.75,8,8,3184,1600,14,1.75,156,2192,22052,0.1033764,0.05155244,51
pencil-highres-3200x1616-dpi96-S200-P0.5-N1-scale8-transparent.png,8,14,1.75,8,8,3184,1600,14,1.75,157,2206,22121,0.10307178,0.05124202,52
pencil-highres-3200x1616-dpi96-S200-P0.5-N1-scale8-transparent.png,8,14,1.75,8,8,3184,1600,14,1.75,158,2220,22087,0.10015109,0.05000727,50
pencil-highres-3200x1616-dpi96-S200-P0.5-N1-scale8-transparent.png,8,14,1.75,8,8,3184,1600,14,1.75,159,2234,22111,0.09723739,0.04897231,50
pencil-highres-3200x1616-dpi96-S200-P0.5-N1-scale8-transparent.png,8,14,1.75,8,8,3184,1600,14,1.75,160,2248,22039,0.09538498,0.04843036,49
pencil-highres-3200x1616-dpi96-S200-P0.5-N1-scale8-transparent.png,8,14,1.75,8,8,3184,1600,14,1.75,161,2262,22021,0.09469485,0.04809132,48
pencil-highres-3200x1616-dpi96-S200-P0.5-N1-scale8-transparent.png,8,14,1.75,8,8,3184,1600,14,1.75,162,2276,22034,0.09167227,0.04701769,49
pencil-highres-3200x1616-dpi96-S200-P0.5-N1-scale8-transparent.png,8,14,1.75,8,8,3184,1600,14,1.75,163,2290,22042,0.09166387,0.04676683,48
pencil-highres-3200x1616-dpi96-S200-P0.5-N1-scale8-transparent.png,8,14,1.75,8,8,3184,1600,14,1.75,164,2304,22039,0.09023302,0.04570185,47
pencil-highres-3200x1616-dpi96-S200-P0.5-N1-scale8-transparent.png,8,14,1.75,8,8,3184,1600,14,1.75,165,2318,22069,0.0889909,0.04496142,47
pencil-highres-3200x1616-dpi96-S200-P0.5-N1-scale8-transparent.png,8,14,1.75,8,8,3184,1600,14,1.75,166,2332,21973,0.08637132,0.04434722,45
pencil-highres-3200x1616-dpi96-S200-P0.5-N1-scale8-transparent.png,8,14,1.75,8,8,3184,1600,14,1.75,167,2346,21941,0.08372567,0.04369929,44
pencil-highres-3200x1616-dpi96-S200-P0.5-N1-scale8-transparent.png,8,14,1.75,8,8,3184,1600,14,1.75,168,2360,22090,0.08287658,0.04299056,44
pencil-highres-3200x1616-dpi96-S200-P0.5-N1-scale8-transparent.png,8,14,1.75,8,8,3184,1600,14,1.75,169,2374,21998,0.08082756,0.04259264,43
pencil-highres-3200x1616-dpi96-S200-P0.5-N1-scale8-transparent.png,8,14,1.75,8,8,3184,1600,14,1.75,170,2388,22016,0.0781959,0.04160546,42
pencil-highres-3200x1616-dpi96-S200-P0.5-N1-scale8-transparent.png,8,14,1.75,8,8,3184,1600,14,1.75,171,2402,21913,0.07528799,0.04080218,42
pencil-highres-3200x1616-dpi96-S200-P0.5-N1-scale8-transparent.png,8,14,1.75,8,8,3184,1600,14,1.75,172,2416,21963,0.07399405,0.04027272,40
pencil-highres-3200x1616-dpi96-S200-P0.5-N1-scale8-transparent.png,8,14,1.75,8,8,3184,1600,14,1.75,173,2430,21978,0.07341299,0.03960331,40
pencil-highres-3200x1616-dpi96-S200-P0.5-N1-scale8-transparent.png,8,14,1.75,8,8,3184,1600,14,1.75,174,2444,21934,0.07132475,0.03861788,40
pencil-highres-3200x1616-dpi96-S200-P0.5-N1-scale8-transparent.png,8,14,1.75,8,8,3184,1600,14,1.75,175,2458,21870,0.0689965,0.03771463,38
pencil-highres-3200x1616-dpi96-S200-P0.5-N1-scale8-transparent.png,8,14,1.75,8,8,3184,1600,14,1.75,176,2472,21917,0.06794643,0.03689323,36
pencil-highres-3200x1616-dpi96-S200-P0.5-N1-scale8-transparent.png,8,14,1.75,8,8,3184,1600,14,1.75,177,2486,21784,0.06510644,0.03624511,35
pencil-highres-3200x1616-dpi96-S200-P0.5-N1-scale8-transparent.png,8,14,1.75,8,8,3184,1600,14,1.75,178,2500,21758,0.06229254,0.03516953,34
pencil-highres-3200x1616-dpi96-S200-P0.5-N1-scale8-transparent.png,8,14,1.75,8,8,3184,1600,14,1.75,179,2514,21682,0.060757,0.03496131,34
pencil-highres-3200x1616-dpi96-S200-P0.5-N1-scale8-transparent.png,8,14,1.75,8,8,3184,1600,14,1.75,180,2528,21712,0.05979132,0.03422521,32
pencil-highres-3200x1616-dpi96-S200-P0.5-N1-scale8-transparent.png,8,14,1.75,8,8,3184,1600,14,1.75,181,2542,21685,0.05854202,0.03389758,32
pencil-highres-3200x1616-dpi96-S200-P0.5-N1-scale8-transparent.png,8,14,1.75,8,8,3184,1600,14,1.75,182,2556,21619,0.0571159,0.03325529,33
pencil-highres-3200x1616-dpi96-S200-P0.5-N1-scale8-transparent.png,8,14,1.75,8,8,3184,1600,14,1.75,183,2570,21494,0.05444748,0.0320659,31
pencil-highres-3200x1616-dpi96-S200-P0.5-N1-scale8-transparent.png,8,14,1.75,8,8,3184,1600,14,1.75,184,2584,21371,0.05126646,0.0307463,32
pencil-highres-3200x1616-dpi96-S200-P0.5-N1-scale8-transparent.png,8,14,1.75,8,8,3184,1600,14,1.75,185,2598,21222,0.0494494,0.03002879,29
pencil-highres-3200x1616-dpi96-S200-P0.5-N1-scale8-transparent.png,8,14,1.75,8,8,3184,1600,14,1.75,186,2612,21113,0.04786992,0.02908798,28
pencil-highres-3200x1616-dpi96-S200-P0.5-N1-scale8-transparent.png,8,14,1.75,8,8,3184,1600,14,1.75,187,2626,20952,0.04566684,0.02840034,26
pencil-highres-3200x1616-dpi96-S200-P0.5-N1-scale8-transparent.png,8,14,1.75,8,8,3184,1600,14,1.75,188,2640,20865,0.04483999,0.02816565,26
pencil-highres-3200x1616-dpi96-S200-P0.5-N1-scale8-transparent.png,8,14,1.75,8,8,3184,1600,14,1.75,189,2654,20822,0.04318102,0.02739314,25
pencil-highres-3200x1616-dpi96-S200-P0.5-N1-scale8-transparent.png,8,14,1.75,8,8,3184,1600,14,1.75,190,2668,20684,0.04179027,0.02683791,25
pencil-highres-3200x1616-dpi96-S200-P0.5-N1-scale8-transparent.png,8,14,1.75,8,8,3184,1600,14,1.75,191,2682,20383,0.03951873,0.02594741,25
pencil-highres-3200x1616-dpi96-S200-P0.5-N1-scale8-transparent.png,8,14,1.75,8,8,3184,1600,14,1.75,192,2696,20188,0.03723897,0.02499796,23
pencil-highres-3200x1616-dpi96-S200-P0.5-N1-scale8-transparent.png,8,14,1.75,8,8,3184,1600,14,1.75,193,2710,20048,0.0355049,0.02401377,23
pencil-highres-3200x1616-dpi96-S200-P0.5-N1-scale8-transparent.png,8,14,1.75,8,8,3184,1600,14,1.75,194,2724,19866,0.03341404,0.02303618,22
pencil-highres-3200x1616-dpi96-S200-P0.5-N1-scale8-transparent.png,8,14,1.75,8,8,3184,1600,14,1.75,195,2738,19705,0.03124107,0.02179777,22
pencil-highres-3200x1616-dpi96-S200-P0.5-N1-scale8-transparent.png,8,14,1.75,8,8,3184,1600,14,1.75,196,2752,19433,0.02914426,0.02055633,21
pencil-highres-3200x1616-dpi96-S200-P0.5-N1-scale8-transparent.png,8,14,1.75,8,8,3184,1600,14,1.75,197,2766,19356,0.027934,0.01991209,18
pencil-highres-3200x1616-dpi96-S200-P0.5-N1-scale8-transparent.png,8,14,1.75,8,8,3184,1600,14,1.75,198,2780,19181,0.02702381,0.01946813,18
pencil-highres-3200x1616-dpi96-S200-P0.5-N1-scale8-transparent.png,8,14,1.75,8,8,3184,1600,14,1.75,199,2794,18867,0.02545833,0.01866641,18
pencil-highres-3200x1616-dpi96-S200-P0.5-N1-scale8-transparent.png,8,14,1.75,8,8,3184,1600,14,1.75,200,2808,18623,0.02396411,0.01793524,17
pencil-highres-3200x1616-dpi96-S200-P0.5-N1-scale8-transparent.png,8,14,1.75,8,8,3184,1600,14,1.75,201,2822,18368,0.02271849,0.01721352,16
pencil-highres-3200x1616-dpi96-S200-P0.5-N1-scale8-transparent.png,8,14,1.75,8,8,3184,1600,14,1.75,202,2836,18018,0.0210527,0.01643909,15
pencil-highres-3200x1616-dpi96-S200-P0.5-N1-scale8-transparent.png,8,14,1.75,8,8,3184,1600,14,1.75,203,2850,17730,0.01901978,0.0151339,15
pencil-highres-3200x1616-dpi96-S200-P0.5-N1-scale8-transparent.png,8,14,1.75,8,8,3184,1600,14,1.75,204,2864,17431,0.01774825,0.01458713,15
pencil-highres-3200x1616-dpi96-S200-P0.5-N1-scale8-transparent.png,8,14,1.75,8,8,3184,1600,14,1.75,205,2878,17204,0.01679779,0.01379508,15
pencil-highres-3200x1616-dpi96-S200-P0.5-N1-scale8-transparent.png,8,14,1.75,8,8,3184,1600,14,1.75,206,2892,16873,0.0155639,0.01283114,13
pencil-highres-3200x1616-dpi96-S200-P0.5-N1-scale8-transparent.png,8,14,1.75,8,8,3184,1600,14,1.75,207,2906,16532,0.01434331,0.01194964,11
pencil-highres-3200x1616-dpi96-S200-P0.5-N1-scale8-transparent.png,8,14,1.75,8,8,3184,1600,14,1.75,208,2920,16229,0.01316859,0.0112605,10
pencil-highres-3200x1616-dpi96-S200-P0.5-N1-scale8-transparent.png,8,14,1.75,8,8,3184,1600,14,1.75,209,2934,15737,0.01172024,0.01044813,10
pencil-highres-3200x1616-dpi96-S200-P0.5-N1-scale8-transparent.png,8,14,1.75,8,8,3184,1600,14,1.75,210,2948,15349,0.01085382,0.00995481,9
pencil-highres-3200x1616-dpi96-S200-P0.5-N1-scale8-transparent.png,8,14,1.75,8,8,3184,1600,14,1.75,211,2962,15042,0.00997584,0.00943002,9
pencil-highres-3200x1616-dpi96-S200-P0.5-N1-scale8-transparent.png,8,14,1.75,8,8,3184,1600,14,1.75,212,2976,14617,0.00896989,0.00877808,9
pencil-highres-3200x1616-dpi96-S200-P0.5-N1-scale8-transparent.png,8,14,1.75,8,8,3184,1600,14,1.75,213,2990,14119,0.0083013,0.00834104,8
pencil-highres-3200x1616-dpi96-S200-P0.5-N1-scale8-transparent.png,8,14,1.75,8,8,3184,1600,14,1.75,214,3004,13690,0.00736607,0.00758375,8
pencil-highres-3200x1616-dpi96-S200-P0.5-N1-scale8-transparent.png,8,14,1.75,8,8,3184,1600,14,1.75,215,3018,13135,0.00653309,0.00690082,8
pencil-highres-3200x1616-dpi96-S200-P0.5-N1-scale8-transparent.png,8,14,1.75,8,8,3184,1600,14,1.75,216,3032,12494,0.00542805,0.00594478,7
pencil-highres-3200x1616-dpi96-S200-P0.5-N1-scale8-transparent.png,8,14,1.75,8,8,3184,1600,14,1.75,217,3046,11969,0.00451908,0.00485757,6
pencil-highres-3200x1616-dpi96-S200-P0.5-N1-scale8-transparent.png,8,14,1.75,8,8,3184,1600,14,1.75,218,3060,11355,0.00404534,0.00454338,4
pencil-highres-3200x1616-dpi96-S200-P0.5-N1-scale8-transparent.png,8,14,1.75,8,8,3184,1600,14,1.75,219,3074,10512,0.00352171,0.00424935,4
pencil-highres-3200x1616-dpi96-S200-P0.5-N1-scale8-transparent.png,8,14,1.75,8,8,3184,1600,14,1.75,220,3088,9757,0.00296901,0.003795,4
pencil-highres-3200x1616-dpi96-S200-P0.5-N1-scale8-transparent.png,8,14,1.75,8,8,3184,1600,14,1.75,221,3102,8729,0.00249212,0.0034886,4
pencil-highres-3200x1616-dpi96-S200-P0.5-N1-scale8-transparent.png,8,14,1.75,8,8,3184,1600,14,1.75,222,3116,7839,0.00211169,0.00319459,3
pencil-highres-3200x1616-dpi96-S200-P0.5-N1-scale8-transparent.png,8,14,1.75,8,8,3184,1600,14,1.75,223,3130,6926,0.00176155,0.00287748,3
pencil-highres-3200x1616-dpi96-S200-P0.5-N1-scale8-transparent.png,8,14,1.75,8,8,3184,1600,14,1.75,224,3144,5859,0.00136695,0.00249214,3
pencil-highres-3200x1616-dpi96-S200-P0.5-N1-scale8-transparent.png,8,14,1.75,8,8,3184,1600,14,1.75,225,3158,4508,0.00099107,0.00212,3
pencil-highres-3200x1616-dpi96-S200-P0.5-N1-scale8-transparent.png,8,14,1.75,8,8,3184,1600,14,1.75,226,3172,2778,0.00055357,0.00154696,3
pencil-highres-3200x1616-dpi96-S200-P0.5-N1-scale8-transparent.png,8,14,1.75,8,8,3184,1600,14,1.75,227,3186,535,0.00024306,0.00104227,2
